TANGGAL,TN,RR,RH_AVG,TAVG,TX,SS
2023-01-01,25.15,2.6,74.0,28.35,29.33,9.4
2023-01-02,25.78,2.6,76.0,28.33,28.78,9.0
2023-01-03,24.44,2.8,81.0,28.03,28.61,0.3
2023-01-04,26.51,1.58,78.0,27.74,28.6,6.7
2023-01-05,26.9,2.25,78.0,27.76,28.48,2.8
2023-01-06,24.34,5.31,82.0,27.52,28.12,9.3
2023-01-07,24.01,7.015000000000001,79.0,27.64,28.07,7.7
2023-01-08,23.45,8.72,83.0,27.2,27.82,5.5
2023-01-09,25.3,0.0,86.0,26.55,26.83,5.1
2023-01-10,25.27,0.0,80.0,27.01,27.81,7.1
2023-01-11,25.44,1.75,79.0,27.34,28.12,0.0
2023-01-12,24.72,2.44,81.0,27.43,28.1,2.5
2023-01-13,24.09,1.22,78.0,28.1,28.92,8.3
2023-01-14,24.87,0.0,78.0,28.14,28.41,3.2
2023-01-15,24.55,2.23,78.0,28.26,28.74,8.0
2023-01-16,25.42,4.82,77.0,28.49,29.24,0.0
2023-01-17,25.64,7.41,79.0,28.22,28.71,2.9
2023-01-18,25.16,12.65,77.0,27.84,28.36,1.2
2023-01-19,26.73,11.59,80.0,27.2,27.71,0.6
2023-01-20,26.81,8.22,81.0,27.4,28.05,6.0
2023-01-21,26.83,10.2,81.0,27.32,27.76,7.3
2023-01-22,24.02,0.0,78.0,27.82,28.64,0.8
2023-01-23,26.56,0.0,85.0,26.94,27.29,1.8
2023-01-24,23.06,0.0,80.0,27.49,28.15,4.2
2023-01-25,23.2,13.5,86.0,26.81,27.28,7.4
2023-01-26,26.07,19.4,87.0,26.47,26.85,2.1
2023-01-27,26.42,4.02,81.0,27.14,27.82,0.3
2023-01-28,26.33,0.0,86.0,26.63,26.98,5.5
2023-01-29,26.07,5.22,85.0,26.71,27.11,8.0
2023-01-30,26.65,0.0,84.0,27.05,27.59,8.7
2023-01-31,26.62,8.59,82.0,27.3,27.76,9.6
2023-02-01,26.52,15.5,83.0,27.09,27.55,6.3
2023-02-02,26.1,12.09,84.0,26.71,27.23,8.6
2023-02-03,25.98,3.41,78.0,26.98,27.99,6.8
2023-02-04,26.36,8.2,79.0,27.38,28.37,4.0
2023-02-05,26.54,0.0,84.0,27.25,27.96,5.2
2023-02-06,26.65,5.27,82.0,27.16,27.71,3.7
2023-02-07,26.82,1.9,79.0,27.54,28.32,2.4
2023-02-08,26.64,4.42,82.0,27.29,27.92,9.7
2023-02-09,26.53,2.09,77.0,27.59,28.9,9.7
2023-02-10,26.75,5.08,83.0,27.52,28.19,4.3
2023-02-11,24.14,8.07,85.0,27.8,28.23,8.9
2023-02-12,26.92,8.16,81.0,27.21,27.63,1.1
2023-02-13,26.15,10.23,84.0,26.96,27.68,1.6
2023-02-14,26.26,11.263333333333334,80.0,27.27,28.16,0.4
2023-02-15,26.75,12.296666666666667,79.0,27.59,28.57,0.5
2023-02-16,26.72,13.33,81.0,27.25,27.71,4.3
2023-02-17,26.75,5.27,84.0,27.22,27.9,4.1
2023-02-18,27.0,5.58,84.0,27.21,27.48,4.6
2023-02-19,26.84,7.05,85.0,27.41,27.74,7.4
2023-02-20,26.78,5.92,87.0,27.16,27.51,9.8
2023-02-21,26.99,4.79,81.0,27.83,28.49,9.0
2023-02-22,26.91,8.08,87.0,27.23,28.05,9.8
2023-02-23,26.65,8.54,86.0,27.19,27.71,9.5
2023-02-24,26.7,10.57,85.0,27.26,27.73,9.7
2023-02-25,26.8,0.0,83.0,27.09,27.28,9.2
2023-02-26,26.6,0.0,82.0,27.23,27.7,6.8
2023-02-27,26.54,12.22,83.0,27.42,28.36,8.6
2023-02-28,26.28,20.435,88.0,26.88,27.32,8.5
2023-03-01,25.72,10.2175,83.0,26.4,27.14,7.9
2023-03-02,25.87,0.0,77.0,27.21,28.39,9.8
2023-03-03,26.82,7.03,82.0,27.22,27.53,9.6
2023-03-04,26.29,7.46,83.0,27.13,27.54,4.1
2023-03-05,25.79,6.11,83.0,26.63,27.6,6.8
2023-03-06,26.19,5.78,82.0,27.07,27.55,4.5
2023-03-07,26.98,5.45,82.0,27.49,27.91,4.9
2023-03-08,26.99,8.58,84.0,27.64,28.27,2.0
2023-03-09,26.91,6.41,83.0,27.62,28.13,8.4
2023-03-10,24.09,4.62,79.0,27.86,28.61,3.5
2023-03-11,24.37,8.58,79.0,27.91,28.43,5.4
2023-03-12,25.15,12.54,83.0,27.59,28.29,1.0
2023-03-13,26.44,19.42,82.0,26.85,27.27,0.0
2023-03-14,26.14,0.0,81.0,26.71,27.37,5.4
2023-03-15,26.39,9.28,80.0,27.0,27.5,6.8
2023-03-16,27.31,6.5,82.0,27.63,28.08,1.5
2023-03-17,27.1,5.21,83.0,27.71,28.22,8.3
2023-03-18,27.2,4.41,79.0,27.94,28.38,5.5
2023-03-19,27.65,1.55,79.0,28.3,28.78,7.5
2023-03-20,27.98,5.92,80.0,28.17,28.32,3.6
2023-03-21,27.42,4.54,79.0,28.13,28.93,6.6
2023-03-22,27.36,4.05,80.0,28.04,28.78,2.3
2023-03-23,26.92,0.0,84.0,27.66,28.18,4.2
2023-03-24,24.51,0.0,81.0,28.29,29.01,1.1
2023-03-25,24.69,0.0,85.0,27.91,28.25,2.6
2023-03-26,26.71,0.0,85.0,26.99,27.6,6.4
2023-03-27,26.72,0.0,83.0,27.47,28.42,9.5
2023-03-28,26.51,0.0,79.0,27.31,28.01,9.9
2023-03-29,27.55,1.85,74.0,28.13,28.82,9.6
2023-03-30,27.07,6.08,81.0,27.48,27.98,6.5
2023-03-31,26.27,17.91,82.0,27.05,27.63,0.0
2023-04-01,26.43,10.07,82.0,27.2,27.91,2.3
2023-04-02,25.96,6.29,86.0,26.63,27.03,10.0
2023-04-03,26.91,11.2,77.0,27.93,28.88,4.4
2023-04-04,26.4,20.435,83.0,27.02,27.52,1.4
2023-04-05,26.2,2.17,81.0,26.92,27.52,7.2
2023-04-06,24.32,11.3025,77.0,27.83,28.49,9.1
2023-04-07,26.0,20.435,83.0,26.72,27.28,9.8
2023-04-08,26.79,5.12,77.0,27.81,28.63,9.4
2023-04-09,25.03,5.55,78.0,27.83,28.35,8.1
2023-04-10,26.82,14.08,84.0,27.65,28.07,6.7
2023-04-11,25.6,11.27,82.0,28.06,28.37,3.5
2023-04-12,25.98,8.46,78.0,28.65,29.1,7.8
2023-04-13,25.99,5.65,80.0,28.73,29.4,6.1
2023-04-14,24.75,7.86,85.0,28.06,28.4,7.0
2023-04-15,24.6,6.495,82.0,27.99,28.29,9.8
2023-04-16,24.44,5.13,83.0,27.97,28.33,9.9
2023-04-17,25.7,3.17,81.0,28.15,28.72,0.0
2023-04-18,24.65,0.0,81.0,28.26,28.77,6.2
2023-04-19,26.87,6.53,83.0,28.2,28.59,9.7
2023-04-20,26.94,4.08,79.0,28.53,28.94,7.5
2023-04-21,26.06,0.0,82.0,28.38,28.78,8.0
2023-04-22,25.04,8.28,82.0,28.36,28.75,5.9
2023-04-23,25.25,1.71,78.0,28.81,29.22,7.8
2023-04-24,24.31,7.76,79.0,28.88,29.36,4.8
2023-04-25,24.09,4.484999999999999,81.0,28.39,28.6,8.1
2023-04-26,25.25,1.21,76.0,28.86,29.49,1.0
2023-04-27,25.34,2.31,80.0,28.92,29.52,7.9
2023-04-28,26.19,4.23,83.0,28.72,29.11,6.0
2023-04-29,26.01,6.15,82.0,28.27,28.69,6.9
2023-04-30,24.77,7.06,83.0,27.96,28.17,5.3
2023-05-01,24.73,4.25,80.0,28.33,28.76,0.5
2023-05-02,24.35,1.13,79.0,28.71,29.18,9.6
2023-05-03,24.11,1.26,81.0,28.55,29.0,0.0
2023-05-04,25.39,0.0,82.0,28.76,29.31,5.3
2023-05-05,26.67,2.45,82.0,28.93,29.35,0.0
2023-05-06,26.27,5.36,85.0,28.61,29.32,4.8
2023-05-07,24.05,8.11,85.0,28.51,29.09,1.8
2023-05-08,24.64,6.56,81.0,28.38,29.06,4.9
2023-05-09,24.86,7.59,80.0,28.39,28.84,6.6
2023-05-10,25.65,8.01,81.0,28.16,28.74,3.1
2023-05-11,25.439999999999998,7.484999999999999,78.0,28.93,29.61,1.0
2023-05-12,25.23,6.96,84.0,28.94,29.44,9.8
2023-05-13,25.02,7.41,85.0,28.86,29.57,4.2
2023-05-14,24.35,8.43,84.0,28.5,28.83,0.3
2023-05-15,25.74,6.16,83.0,28.31,28.74,9.7
2023-05-16,25.79,6.425000000000001,85.0,28.04,28.36,8.0
2023-05-17,26.49,6.69,80.0,28.05,28.54,4.1
2023-05-18,24.04,8.41,84.0,28.33,28.75,8.1
2023-05-19,26.53,7.32,85.0,27.87,28.12,3.2
2023-05-20,26.63,2.18,83.0,28.05,28.47,6.5
2023-05-21,26.77,3.51,85.0,28.17,28.62,3.2
2023-05-22,26.68,6.326666666666666,84.0,28.05,28.4,2.2
2023-05-23,26.81,9.143333333333334,84.0,28.14,28.57,5.6
2023-05-24,26.68,11.96,87.0,27.85,28.11,0.8
2023-05-25,24.5,8.5,85.0,27.96,28.5,6.7
2023-05-26,24.7,5.9,86.0,27.94,28.35,7.9
2023-05-27,24.28,3.51,87.0,27.98,28.6,0.0
2023-05-28,25.0,2.9,86.0,28.28,28.66,1.0
2023-05-29,25.13,0.86,84.0,28.51,29.07,4.1
2023-05-30,25.27,1.62,83.0,28.55,29.08,6.0
2023-05-31,24.1,2.3,84.0,28.48,29.02,6.5
2023-06-01,24.91,4.23,89.0,28.18,28.37,6.4
2023-06-02,24.14,3.08,87.0,28.51,28.94,1.3
2023-06-03,26.15,4.595000000000001,87.0,28.4,28.7,1.8
2023-06-04,26.92,6.11,86.0,28.18,28.48,7.6
2023-06-05,26.15,7.625,89.0,27.47,27.83,0.3
2023-06-06,26.95,9.14,87.0,27.59,28.05,2.8
2023-06-07,25.56,13.2,85.0,27.84,28.07,0.0
2023-06-08,25.65,4.36,82.0,28.18,28.78,0.0
2023-06-09,24.53,0.0,84.0,27.93,28.45,7.3
2023-06-10,24.61,4.84,85.0,28.08,28.61,1.5
2023-06-11,25.67,0.0,86.0,28.22,28.74,7.1
2023-06-12,25.62,5.89,86.0,27.9,28.16,0.0
2023-06-13,25.62,6.23,82.0,28.02,28.41,4.7
2023-06-14,25.54,6.095000000000001,82.0,27.8,28.38,0.0
2023-06-15,25.12,5.960000000000001,83.0,27.52,27.99,1.3
2023-06-16,26.97,5.825,83.0,27.46,27.91,2.5
2023-06-17,26.06,5.69,83.0,27.27,27.59,5.7
2023-06-18,25.045,7.13,81.0,27.65,28.14,3.2
2023-06-19,24.03,5.85,80.0,27.52,27.82,5.5
2023-06-20,26.52,14.49,85.0,26.85,27.57,0.0
2023-06-21,26.19,0.97,80.0,27.79,28.29,7.1
2023-06-22,24.29,1.13,83.0,27.73,28.24,2.7
2023-06-23,24.38,0.31,82.0,27.85,28.51,2.5
2023-06-24,24.47,0.0,86.0,27.94,28.43,3.0
2023-06-25,24.48,3.13,85.0,27.97,28.5,0.0
2023-06-26,24.37,2.28,85.0,27.82,28.22,2.8
2023-06-27,24.56,6.46,85.0,27.93,28.19,7.5
2023-06-28,25.29,3.43,83.0,27.72,28.04,9.8
2023-06-29,24.44,3.13,84.0,27.83,28.22,2.0
2023-06-30,26.55,3.59,81.0,28.02,28.34,1.0
2023-07-01,26.7,0.0,81.0,28.19,28.67,2.7
2023-07-02,26.69,4.72,82.0,28.01,28.32,0.0
2023-07-03,26.64,12.92,86.0,27.21,27.78,0.0
2023-07-04,26.77,4.52,80.0,27.53,28.11,0.0
2023-07-05,24.71,1.78,78.0,28.06,28.59,4.2
2023-07-06,25.48,5.91,82.0,27.84,28.3,6.9
2023-07-07,26.78,8.59,83.0,27.41,27.79,8.3
2023-07-08,26.55,15.28,84.0,26.75,27.58,0.0
2023-07-09,26.89,1.61,80.0,27.59,28.01,0.0
2023-07-10,24.26,0.86,82.0,27.96,28.48,5.2
2023-07-11,24.95,0.39,81.0,28.38,28.94,3.6
2023-07-12,24.34,0.0,85.0,27.81,28.14,5.0
2023-07-13,26.84,0.0,86.0,27.08,27.54,0.0
2023-07-14,26.09,0.0,86.0,26.96,27.69,8.0
2023-07-15,26.96,0.0,84.0,27.52,28.16,8.0
2023-07-16,26.56,0.0,89.0,27.0,27.36,5.4
2023-07-17,26.82,0.0,85.0,27.56,28.16,5.1
2023-07-18,25.23,0.0,83.0,27.81,28.4,2.5
2023-07-19,25.47,2.68,85.0,27.83,28.17,8.0
2023-07-20,25.52,3.52,85.0,27.95,28.55,7.5
2023-07-21,25.16,9.81,87.0,27.4,27.74,4.7
2023-07-22,25.07,1.31,84.0,27.66,28.29,0.5
2023-07-23,25.975,1.2000000000000002,84.0,27.64,28.27,3.6
2023-07-24,26.88,1.09,84.0,27.62,28.25,7.7
2023-07-25,24.33,0.14,82.0,27.79,28.47,5.1
2023-07-26,24.27,0.07,82.0,27.71,28.42,8.0
2023-07-27,26.99,0.1,82.0,27.54,28.17,8.0
2023-07-28,26.81,0.02,82.0,27.46,28.15,8.0
2023-07-29,26.88,0.1,82.0,27.39,28.12,8.0
2023-07-30,26.6,0.18,84.0,27.31,28.01,7.8
2023-07-31,26.78,0.25,84.0,27.47,28.17,5.7
2023-08-01,26.92,1.526,86.0,27.65,28.35,8.0
2023-08-02,26.35,2.802,85.0,27.9,28.49,0.3
2023-08-03,26.8,4.078,84.0,27.38,27.82,0.0
2023-08-04,26.09,5.354,85.0,27.5,27.92,5.2
2023-08-05,26.99,6.63,87.0,27.54,28.12,1.7
2023-08-06,25.22,3.37,85.0,27.64,28.13,0.2
2023-08-07,25.32,1.88,82.0,27.68,28.3,0.5
2023-08-08,25.13,0.37,82.0,27.63,28.32,4.3
2023-08-09,26.99,0.52,81.0,27.53,28.2,3.8
2023-08-10,24.07,0.67,83.0,27.5,28.31,8.0
2023-08-11,24.03,1.37,83.0,27.43,28.01,6.5
2023-08-12,26.63,0.29,83.0,27.14,27.66,1.3
2023-08-13,26.79,0.16499999999999998,80.0,27.46,28.19,1.0
2023-08-14,25.06,0.04,82.0,27.52,28.22,1.1
2023-08-15,26.94,0.11,84.0,27.65,28.48,0.0
2023-08-16,26.94,0.28,84.0,27.42,27.99,5.4
2023-08-17,26.88,0.27,84.0,27.46,28.08,8.0
2023-08-18,26.02,0.0,83.0,27.53,28.16,4.4
2023-08-19,25.1,0.34,83.0,27.65,28.36,0.0
2023-08-20,25.14,0.25,81.0,27.92,28.73,0.0
2023-08-21,24.57,0.24,80.0,27.93,28.68,2.1
2023-08-22,24.35,0.33,80.0,27.88,28.77,0.0
2023-08-23,24.14,1.76,83.0,27.71,28.38,7.3
2023-08-24,26.98,11.097499999999998,86.0,27.46,27.91,0.1
2023-08-25,25.17,20.435,85.0,27.5,28.02,0.0
2023-08-26,25.03,2.72,84.0,27.61,28.34,4.7
2023-08-27,26.91,2.03,82.0,27.78,28.66,0.0
2023-08-28,26.91,1.14,82.0,27.62,28.33,5.4
2023-08-29,24.09,0.07,81.0,27.79,28.6,7.1
2023-08-30,26.79,0.0,82.0,27.59,28.53,0.0
2023-08-31,26.76,0.0,83.0,27.62,28.59,8.0
2023-09-01,25.08,0.0,83.0,27.57,28.15,4.2
2023-09-02,26.72,0.0,78.0,27.44,28.3,8.0
2023-09-03,26.86,0.01,79.0,27.46,28.35,8.0
2023-09-04,26.68,0.01,80.0,27.57,28.57,0.5
2023-09-05,26.84,0.79,84.0,27.69,28.62,8.0
2023-09-06,26.13,2.95,85.0,27.67,28.31,5.0
2023-09-07,26.44,1.13,82.0,27.99,28.81,6.3
2023-09-08,26.05,1.19,83.0,27.66,28.34,2.4
2023-09-09,24.21,0.62,81.0,27.65,28.34,8.0
2023-09-10,24.05,1.72,84.0,27.65,28.27,7.7
2023-09-11,24.1,8.27,83.0,27.74,28.64,8.0
2023-09-12,26.17,0.0,85.0,26.47,26.91,8.0
2023-09-13,26.61,3.95,79.0,27.28,27.69,8.0
2023-09-14,25.08,1.38,82.0,27.82,28.83,8.0
2023-09-15,26.79,2.71,84.0,27.68,28.46,8.0
2023-09-16,25.18,1.82,84.0,27.7,28.25,8.0
2023-09-17,26.9,2.94,87.0,27.36,27.96,8.0
2023-09-18,26.74,3.06,86.0,27.47,28.18,6.6
2023-09-19,24.39,3.18,84.0,27.66,27.99,6.3
2023-09-20,24.47,0.98,82.0,28.02,28.73,6.4
2023-09-21,24.52,0.54,82.0,28.1,28.99,0.3
2023-09-22,24.32,0.29000000000000004,79.0,27.99,28.92,7.2
2023-09-23,24.03,0.04,81.0,27.75,28.54,8.0
2023-09-24,26.14,0.12,83.0,27.85,28.72,8.0
2023-09-25,26.97,0.07,84.0,27.75,28.61,0.0
2023-09-26,26.04,0.01,80.0,27.87,28.92,6.8
2023-09-27,26.03,0.305,80.0,27.84,28.95,3.0
2023-09-28,26.94,0.6,82.0,27.81,28.75,8.0
2023-09-29,24.2,2.05,83.0,27.88,28.79,8.0
2023-09-30,24.37,0.65,82.0,27.97,28.75,0.0
2023-10-01,24.38,0.3,81.0,27.96,28.77,1.8
2023-10-02,24.33,0.22,82.0,27.95,28.73,4.2
2023-10-03,25.45,1.02,83.0,28.01,28.79,0.8
2023-10-04,25.51,1.82,83.0,28.06,28.74,5.5
2023-10-05,25.38,2.6,81.0,28.11,28.76,2.1
2023-10-06,24.84,7.72,81.0,28.35,28.91,5.3
2023-10-07,24.58,8.13,83.0,28.29,29.07,3.7
2023-10-08,24.58,7.47,81.0,28.1,28.58,1.1
2023-10-09,25.74,5.375,80.0,28.6,29.43,8.0
2023-10-10,25.06,3.28,82.0,28.53,29.2,2.3
2023-10-11,26.69,0.74,81.0,28.41,29.03,8.0
2023-10-12,25.52,1.73,81.0,28.36,28.98,8.0
2023-10-13,25.74,2.5,82.0,28.4,29.21,0.8
2023-10-14,26.71,2.58,79.0,28.46,29.05,2.7
2023-10-15,26.98,5.54,81.0,28.31,28.75,6.7
2023-10-16,26.51,8.5,85.0,27.81,28.06,8.0
2023-10-17,24.46,9.85,83.0,28.01,28.44,4.3
2023-10-18,24.64,12.17,83.0,28.12,28.52,0.0
2023-10-19,24.68,5.05,80.0,28.28,28.84,4.5
2023-10-20,25.71,2.15,79.0,28.4,29.07,5.8
2023-10-21,25.82,2.18,79.0,28.34,28.88,0.4
2023-10-22,25.87,4.02,77.0,28.42,28.87,7.0
2023-10-23,24.17,2.34,77.0,28.38,28.73,4.2
2023-10-24,24.87,2.91,79.0,28.33,28.8,8.0
2023-10-25,25.523333333333333,2.2066666666666666,82.0,28.286666666666665,28.75,7.9
2023-10-26,26.176666666666666,1.5033333333333332,82.0,28.243333333333332,28.7,7.6
2023-10-27,26.83,0.8,80.0,28.2,28.65,4.7
2023-10-28,26.3,1.0,78.0,28.18,28.71,8.0
2023-10-29,26.88,0.34,72.0,28.88,29.57,8.0
2023-10-30,26.18,0.63,75.0,28.99,29.61,8.0
2023-10-31,24.3,0.57,77.0,28.92,29.62,4.6
2023-11-01,24.49,1.54,76.0,28.91,29.44,4.9
2023-11-02,24.37,7.49,79.0,28.63,28.84,6.5
2023-11-03,24.08,2.67,76.0,28.69,29.17,5.0
2023-11-04,24.9,0.0,75.0,28.34,28.87,8.0
2023-11-05,25.1,0.67,74.0,28.97,29.99,7.5
2023-11-06,25.39,1.9,78.0,28.85,29.4,4.5
2023-11-07,25.31,0.0,81.0,28.51,28.84,5.3
2023-11-08,24.42,0.0,78.0,28.96,29.4,8.0
2023-11-09,24.59,0.0,78.0,28.9,29.19,5.8
2023-11-10,24.73,0.0,77.0,28.71,29.65,6.3
2023-11-11,25.0,0.0,79.0,28.71,29.43,0.0
2023-11-12,25.58,4.34,79.0,28.42,29.05,8.0
2023-11-13,24.37,4.21,77.0,28.56,28.71,8.0
2023-11-14,24.27,1.23,78.0,28.82,29.53,4.6
2023-11-15,26.19,3.0199999999999996,79.0,29.03,29.78,7.5
2023-11-16,26.73,4.81,78.0,29.18,29.58,4.4
2023-11-17,26.42,0.0,79.0,28.92,29.52,2.8
2023-11-18,26.35,1.95,81.0,28.63,28.96,0.5
2023-11-19,25.22,3.18,79.0,28.74,29.35,2.5
2023-11-20,25.01,4.2700000000000005,82.0,28.37,28.74,0.0
2023-11-21,25.98,5.36,81.0,28.33,28.65,3.6
2023-11-22,24.12,1.98,79.0,28.7,29.28,5.1
2023-11-23,24.3,3.52,81.0,28.71,29.07,0.8
2023-11-24,24.8,8.25,80.0,28.03,28.66,3.8
2023-11-25,26.84,7.005,76.0,28.58,29.59,1.8
2023-11-26,26.63,5.76,83.0,28.06,28.64,5.1
2023-11-27,24.22,2.28,79.0,27.97,28.75,4.8
2023-11-28,24.54,3.01,81.0,28.11,28.74,1.9
2023-11-29,24.62,2.44,82.0,28.12,28.5,6.0
2023-11-30,25.75,3.35,85.0,28.16,28.44,2.3
2023-12-01,25.72,3.79,83.0,28.2,28.67,0.0
2023-12-02,25.84,7.61,82.0,28.15,28.48,5.9
2023-12-03,25.66,6.72,82.0,28.2,28.77,0.3
2023-12-04,24.42,10.0,80.0,28.17,28.73,6.2
2023-12-05,24.54,4.75,77.0,28.35,28.98,0.4
2023-12-06,26.12,15.39,78.0,28.55,28.88,3.4
2023-12-07,26.53,11.56,84.0,28.12,28.82,6.3
2023-12-08,26.74,0.0,78.0,28.02,28.89,8.0
2023-12-09,25.45,4.83,80.0,28.26,29.08,0.9
2023-12-10,25.73,6.03,82.0,28.14,28.49,1.5
2023-12-11,26.65,5.61,79.0,28.42,29.05,0.4
2023-12-12,24.82,6.38,82.0,28.48,29.16,2.7
2023-12-13,25.75,10.24,83.0,28.29,29.15,0.0
2023-12-14,26.97,5.16,80.0,28.12,28.83,4.0
2023-12-15,25.9,3.21,80.0,28.7,29.34,0.8
2023-12-16,24.58,8.67,83.0,28.57,29.3,0.0
2023-12-17,25.74,0.0,85.0,28.13,28.55,0.2
2023-12-18,25.65,6.42,81.0,28.19,28.92,8.0
2023-12-19,25.12,3.31,84.0,27.79,28.15,1.1
2023-12-20,25.67,0.0,84.0,28.17,28.53,6.7
2023-12-21,24.11,5.93,83.0,27.64,28.3,7.5
2023-12-22,24.22,3.67,80.0,28.61,29.15,3.6
2023-12-23,26.08,0.0,77.0,28.84,29.4,2.7
2023-12-24,26.74,3.16,82.0,28.63,29.32,5.3
2023-12-25,26.81,5.03,83.0,28.49,29.08,0.2
2023-12-26,26.71,4.2625,80.0,28.41,28.88,2.3
2023-12-27,26.86,3.495,81.0,28.63,29.39,1.8
2023-12-28,26.96,2.7275,84.0,28.57,29.25,5.6
2023-12-29,26.87,1.96,84.0,28.57,29.31,3.9
2023-12-30,25.5,0.0,76.0,29.5,33.1,3.0
2023-12-31,25.9,0.0,86.0,27.6,30.9,1.8
2024-01-01,25.8,15.4,83.0,27.8,32.7,0.0
2024-01-02,24.3,20.435,87.0,26.9,32.4,0.0
2024-01-03,24.6,16.7,81.0,27.9,33.4,8.0
2024-01-04,24.7,7.0,81.0,27.9,32.9,1.0
2024-01-05,23.9,20.435,76.0,28.1,32.0,6.5
2024-01-06,24.2,3.5,86.0,27.3,32.0,3.6
2024-01-07,25.0,20.435,79.0,28.3,32.8,1.5
2024-01-08,25.5,1.0,92.0,26.5,29.2,0.0
2024-01-09,25.4,9.1,78.0,28.1,32.4,1.1
2024-01-10,25.3,0.0,73.0,29.5,34.0,8.0
2024-01-11,26.3,0.0,88.0,26.7,31.2,8.0
2024-01-12,24.1,20.435,78.0,28.5,33.1,7.8
2024-01-13,25.4,3.0,84.0,26.8,31.3,0.4
2024-01-14,25.0,2.8,81.0,27.3,31.8,4.8
2024-01-15,24.5,12.4,76.0,27.9,31.6,1.2
2024-01-16,24.1,0.9,75.0,27.3,31.6,8.0
2024-01-17,23.3,2.5,70.0,28.8,33.0,6.2
2024-01-18,25.6,0.0,70.0,28.7,33.5,7.6
2024-01-19,24.3,20.435,79.0,27.6,31.1,2.4
2024-01-20,24.4,5.5,79.0,27.1,31.6,7.2
2024-01-21,23.9,3.0,78.0,27.1,31.8,6.7
2024-01-22,24.0,0.0,77.0,28.2,33.8,3.9
2024-01-23,23.6,9.0,80.0,26.8,31.2,2.7
2024-01-24,23.7,3.3,80.0,27.0,29.9,1.5
2024-01-25,24.7,2.0999999999999996,77.0,28.0,33.5,6.1
2024-01-26,25.4,0.9,71.0,29.0,33.9,7.0
2024-01-27,25.4,0.0,69.0,28.8,33.0,5.2
2024-01-28,24.7,0.0,70.0,28.6,33.4,0.9
2024-01-29,25.0,0.0,75.0,28.5,32.2,0.5
2024-01-30,25.4,0.0,74.0,29.0,32.5,0.3
2024-01-31,25.0,0.0,85.0,27.3,31.7,0.5
2024-02-01,24.1,8.7,79.0,27.9,32.1,0.4
2024-02-02,24.1,13.6,81.0,27.6,32.2,6.5
2024-02-03,24.6,18.5,87.0,27.1,32.2,3.1
2024-02-04,25.0,10.1,84.0,27.2,31.5,7.0
2024-02-05,24.0,20.435,71.0,28.9,32.8,8.0
2024-02-06,24.7,0.0,77.0,28.2,32.7,0.0
2024-02-07,23.3,20.435,76.0,27.4,32.2,0.6
2024-02-08,24.5,10.4675,73.0,29.3,33.1,6.6
2024-02-09,26.0,0.5,89.0,26.5,31.4,4.3
2024-02-10,24.9,18.3,82.0,27.4,31.6,5.7
2024-02-11,24.9,3.2,79.0,27.6,32.0,7.8
2024-02-12,24.9,4.5,80.0,27.2,32.2,1.8
2024-02-13,24.7,4.5,71.0,28.4,32.8,3.0
2024-02-14,25.1,0.0,72.0,28.6,33.0,2.7
2024-02-15,25.1,0.0,71.0,28.6,32.2,8.0
2024-02-16,25.6,0.0,69.0,28.8,34.7,3.8
2024-02-17,24.8,0.0,69.0,29.2,34.7,1.7
2024-02-18,25.4,0.0,69.0,29.1,34.0,2.3
2024-02-19,25.4,0.0,71.0,29.3,33.3,8.0
2024-02-20,25.6,0.0,71.0,29.2,33.4,1.3
2024-02-21,25.7,0.0,70.0,29.8,34.6,6.5
2024-02-22,26.3,0.0,69.0,29.7,35.4,2.8
2024-02-23,26.2,0.0,73.0,29.5,33.3,0.0
2024-02-24,26.2,0.0,76.0,29.5,34.1,1.4
2024-02-25,24.8,11.0,77.0,28.2,35.6,6.3
2024-02-26,24.4,15.0,89.0,26.6,30.3,4.2
2024-02-27,24.5,8.1,76.0,28.5,31.9,1.4
2024-02-28,24.8,0.0,71.0,29.4,34.0,5.3
2024-02-29,25.9,0.0,69.0,29.5,34.5,5.0
2024-03-01,25.7,0.0,74.0,28.8,32.4,0.6
2024-03-02,25.8,0.0,76.0,29.0,33.2,4.2
2024-03-03,26.0,0.35,79.0,28.5,32.4,2.0
2024-03-04,26.0,0.7,79.0,28.0,32.7,0.2
2024-03-05,26.0,5.7,85.0,27.7,32.7,7.3
2024-03-06,25.8,10.8,78.0,28.8,32.9,3.1
2024-03-07,24.8,20.435,79.0,28.2,32.6,0.2
2024-03-08,25.1,10.2175,77.0,28.7,33.2,8.0
2024-03-09,25.6,0.0,84.0,26.9,32.6,6.2
2024-03-10,24.9,20.435,87.0,26.0,32.6,4.0
2024-03-11,24.5,10.2175,72.0,28.6,32.2,2.3
2024-03-12,24.5,0.0,76.0,28.2,33.1,3.3
2024-03-13,23.8,10.7,76.0,28.0,32.3,6.1
2024-03-14,24.5,0.8,71.0,29.1,33.9,3.6
2024-03-15,25.6,0.0,71.0,28.8,33.9,2.4
2024-03-16,25.0,0.0,74.0,28.8,32.6,0.0
2024-03-17,25.0,0.0,74.0,28.3,32.0,8.0
2024-03-18,25.0,0.0,74.0,28.7,33.5,6.6
2024-03-19,23.2,20.435,75.0,28.2,31.8,0.0
2024-03-20,23.7,14.456666666666667,78.0,28.5,32.0,0.1
2024-03-21,24.7,8.478333333333333,76.0,27.7,31.4,2.1
2024-03-22,24.7,2.5,84.0,26.8,29.6,6.0
2024-03-23,24.3,0.3,78.0,28.5,31.9,4.8
2024-03-24,25.0,0.0,70.0,29.3,33.4,4.6
2024-03-25,25.2,0.0,72.0,29.4,33.9,6.9
2024-03-26,26.0,0.0,74.0,29.5,32.4,8.0
2024-03-27,24.9,11.5,78.0,28.2,32.4,7.8
2024-03-28,24.9,14.0,88.0,26.1,28.0,6.2
2024-03-29,24.3,20.435,91.0,26.4,29.7,0.0
2024-03-30,24.4,2.3,78.0,28.7,32.1,7.3
2024-03-31,24.8,0.0,83.0,27.7,31.1,0.0
2024-04-01,25.8,8.4,85.0,27.2,30.0,7.0
2024-04-02,25.0,4.2,74.0,28.8,32.4,6.2
2024-04-03,25.1,0.0,69.0,29.4,34.0,2.3
2024-04-04,25.5,0.0,69.0,29.6,34.8,0.0
2024-04-05,25.5,0.0,69.0,30.0825,34.4,0.1
2024-04-06,25.6,0.0,69.0,29.9,35.2,8.0
2024-04-07,26.6,0.0,70.0,29.7,34.8,6.9
2024-04-08,25.75,0.0,77.0,28.4,34.5,2.5
2024-04-09,24.9,10.2,80.0,28.6,34.5,5.8
2024-04-10,25.1,2.1,69.0,29.3,33.0,0.0
2024-04-11,26.3,0.0,72.0,29.3,33.2,8.0
2024-04-12,25.0,0.0,74.0,29.1,32.6,4.2
2024-04-13,26.1,0.0,72.0,29.4,32.8,7.8
2024-04-14,26.3,0.0,74.0,29.3,32.6,0.0
2024-04-15,26.4,0.0,74.0,29.3,32.1,8.0
2024-04-16,26.5,0.0,73.0,29.3,32.8,3.2
2024-04-17,25.1,0.0,72.0,29.8,33.0,0.3
2024-04-18,26.2,0.0,77.0,28.8,32.8,8.0
2024-04-19,26.5,0.26666666666666666,69.0,29.9,33.6,8.0
2024-04-20,26.3,0.5333333333333333,77.0,29.1,32.0,5.1
2024-04-21,26.4,0.8,76.0,29.3,33.8,0.7
2024-04-22,26.3,0.4,76.0,29.1,33.4,3.6
2024-04-23,26.3,0.0,79.0,28.8,33.2,0.5
2024-04-24,25.5,7.0,91.0,26.7,29.4,1.7
2024-04-25,25.3,13.5,79.0,28.8,31.8,2.6
2024-04-26,25.8,0.0,80.0,29.1,33.6,0.3
2024-04-27,26.2,0.6,80.0,28.9,32.3,3.4
2024-04-28,25.7,19.0,79.0,28.9,32.7,1.1
2024-04-29,25.7,20.435,87.0,27.4,30.4,6.7
2024-04-30,25.0,10.2175,78.0,29.1,31.9,5.4
2024-05-01,26.7,0.0,74.0,29.9,33.3,0.8
2024-05-02,26.0,10.0,80.0,28.7,31.9,8.0
2024-05-03,25.0,7.9,93.0,26.0,29.2,8.0
2024-05-04,24.8,11.9,76.0,29.0,32.3,5.8
2024-05-05,24.9,20.435,84.0,27.5,30.6,7.5
2024-05-06,24.9,6.0,77.0,28.7,31.9,6.0
2024-05-07,24.8,3.0,74.0,29.8,33.0,8.0
2024-05-08,26.7,0.0,78.0,28.6,32.1,0.9
2024-05-09,26.3,2.6999999999999997,81.0,27.6,32.0,3.2
2024-05-10,25.8,5.3999999999999995,77.0,29.3,32.1,7.5
2024-05-11,25.8,8.1,82.0,28.7,32.3,0.0
2024-05-12,25.9,4.4,89.0,26.9,30.1,7.6
2024-05-13,24.7,18.0,76.0,29.5,32.3,5.0
2024-05-14,26.3,9.0,77.0,29.5,32.3,8.0
2024-05-15,26.3,3.7,76.0,29.7,32.1,8.0
2024-05-16,27.2,0.0,76.0,29.4,32.6,1.9
2024-05-17,25.2,1.6,80.0,27.9,31.3,8.0
2024-05-18,25.2,0.8,78.0,29.2,32.8,7.5
2024-05-19,24.8,20.435,80.0,29.1,32.8,0.0
2024-05-20,25.1,11.0,87.0,27.6,29.8,0.0
2024-05-21,24.1,20.435,80.0,28.9,32.3,4.5
2024-05-22,25.4,20.435,81.0,28.7,31.5,4.1
2024-05-23,25.8,10.6,81.0,28.1,31.1,7.8
2024-05-24,26.2,0.0,77.0,29.4,32.1,8.0
2024-05-25,25.0,3.5,77.0,29.6,31.9,6.1
2024-05-26,25.35,7.0,93.0,28.1,31.15,0.0
2024-05-27,25.7,20.435,91.0,26.6,30.4,8.0
2024-05-28,24.2,20.435,84.0,28.4,31.6,8.0
2024-05-29,26.7,4.0,83.0,28.5,33.0,6.8
2024-05-30,25.3,8.0,81.0,29.0,31.6,2.2
2024-05-31,26.4,0.0,79.0,29.1,32.9,0.0
2024-06-01,25.6,3.0,84.0,28.3,32.9,0.0
2024-06-02,25.2,20.435,91.0,26.6,29.9,0.0
2024-06-03,24.9,20.3,78.0,28.5,31.4,6.2
2024-06-04,24.2,20.435,84.0,27.0,29.3,8.0
2024-06-05,24.1,0.8,82.0,28.0,31.7,7.5
2024-06-06,24.450000000000003,11.0,84.0,27.2,29.8,1.5
2024-06-07,24.8,14.0,86.0,27.2,31.3,4.0
2024-06-08,24.7,17.0,79.0,28.2,31.6,8.0
2024-06-09,26.1,0.0,84.0,27.8,30.2,5.4
2024-06-10,24.5,9.7,78.0,27.9,32.2,2.0
2024-06-11,25.4,0.0,86.0,26.8,32.2,0.0
2024-06-12,25.2,3.6,78.0,28.5,31.7,8.0
2024-06-13,24.7,20.435,85.0,26.3,28.9,0.2
2024-06-14,25.0,2.7,84.0,27.1,29.6,5.1
2024-06-15,25.0,1.1,81.0,27.6,30.7,7.6
2024-06-16,24.5,12.8,81.0,28.1,31.1,7.1
2024-06-17,24.5,16.6175,82.0,27.9,31.8,3.5
2024-06-18,24.7,20.435,82.0,27.6,31.3,0.2
2024-06-19,24.6,5.0,88.0,26.0,28.7,0.0
2024-06-20,24.9,7.2,73.0,28.8,31.2,3.3
2024-06-21,25.4,0.0,75.0,28.2,31.2,1.9
2024-06-22,25.7,0.3,80.0,27.6,30.6,8.0
2024-06-23,23.8,20.435,86.0,26.6,30.1,0.8
2024-06-24,24.4,11.4,88.0,25.8625,28.5,4.6
2024-06-25,24.7,0.2,77.0,27.8,30.8,3.0
2024-06-26,25.0,0.0,76.0,28.8,31.6,2.7
2024-06-27,25.5,0.0,77.0,29.2,31.8,3.6
2024-06-28,26.3,0.0,82.0,27.4,31.1,4.8
2024-06-29,24.1,20.435,82.0,27.5,30.0,0.0
2024-06-30,24.1,20.435,84.0,27.3,30.1,8.0
2024-07-01,25.6,1.7,84.0,27.2,30.1,7.6
2024-07-02,24.950000000000003,1.0,93.0,26.549999999999997,29.4,8.0
2024-07-03,24.3,20.435,86.0,25.9,28.7,5.5
2024-07-04,24.3,3.3,78.0,28.1,31.7,0.5
2024-07-05,25.4,0.0,78.0,28.1,31.7,8.0
2024-07-06,23.9,20.435,78.0,28.2,30.9,0.0
2024-07-07,23.9,2.8,93.0,25.8625,28.9,6.4
2024-07-08,23.549999999999997,11.6175,93.0,25.8625,29.2,8.0
2024-07-09,23.2,20.435,93.0,25.8625,28.6,2.2
2024-07-10,22.9,17.8,86.0,27.1,30.7,2.1
2024-07-11,24.7,0.0,79.0,27.6,30.8,1.5
2024-07-12,25.9,0.0,79.0,27.0,29.8,7.1
2024-07-13,25.8,0.0,77.0,26.7,28.0,6.4
2024-07-14,25.2,0.0,82.0,27.2,30.9,0.0
2024-07-15,24.8,0.0,78.0,27.8,31.0,2.3
2024-07-16,24.7,20.435,83.0,28.1,30.4,0.0
2024-07-17,24.7,10.2175,80.0,27.8,30.3,5.5
2024-07-18,25.8,0.0,73.0,28.3,30.6,5.0
2024-07-19,24.3,0.0,79.0,27.3,30.5,8.0
2024-07-20,26.4,0.0,79.0,27.8,31.2,8.0
2024-07-21,26.3,6.55,80.0,28.3,30.6,8.0
2024-07-22,25.6,13.1,90.0,27.3,29.5,8.0
2024-07-23,25.0,1.6,83.0,27.8,31.3,8.0
2024-07-24,26.7,0.0,81.0,28.3,31.1,8.0
2024-07-25,25.2,20.435,89.0,26.6,30.3,8.0
2024-07-26,24.7,10.2175,81.0,28.1,31.8,0.0
2024-07-27,26.1,0.0,80.0,28.1,31.0,8.0
2024-07-28,25.6,0.0,80.0,28.0,31.7,7.3
2024-07-29,26.7,0.0,79.0,28.6,31.5,8.0
2024-07-30,27.1,0.0,79.0,28.5,31.5,4.3
2024-07-31,25.4,3.6,81.0,28.0,31.4,8.0
2024-08-01,25.7,0.0,79.0,28.6,30.8,6.2
2024-08-02,26.5,10.2175,89.0,27.1,29.3,2.3
2024-08-03,25.1,20.435,86.0,27.1,29.5,1.8
2024-08-04,25.0,4.0,83.0,27.7,30.4,5.3
2024-08-05,23.7,20.435,82.0,27.0,30.6,0.8
2024-08-06,24.4,1.4,90.0,25.8625,28.5,4.3
2024-08-07,24.4,10.7,93.0,25.8625,28.9,5.7
2024-08-08,23.4,20.435,82.0,26.2,30.4,1.4
2024-08-09,23.5,20.435,86.0,26.5,30.1,0.0
2024-08-10,23.3,19.0,79.0,27.4,31.3,8.0
2024-08-11,25.6,0.0,76.0,27.6,30.3,0.0
2024-08-12,24.9,0.2,84.0,26.3,29.7,0.5
2024-08-13,25.0,5.65,82.0,27.4,30.0,2.5
2024-08-14,25.4,11.1,92.0,26.3,29.2,5.3
2024-08-15,24.4,0.7,93.0,26.1,28.1,4.7
2024-08-16,24.0,20.435,82.0,27.3,30.0,0.0
2024-08-17,25.0,12.9175,85.0,26.6,30.2,5.0
2024-08-18,24.7,5.4,87.0,26.8,29.2,4.7
2024-08-19,24.7,20.435,87.0,27.0,29.4,6.3
2024-08-20,24.1,20.435,82.0,27.2,29.7,0.9
2024-08-21,25.6,13.1,90.0,26.6,28.4,3.3
2024-08-22,24.9,2.5,93.0,25.8625,26.9,3.1
2024-08-23,24.0,7.0,84.0,27.0,30.8,0.1
2024-08-24,24.7,1.1,84.0,26.2,28.0,1.5
2024-08-25,24.6,12.6,91.0,25.8625,28.0,3.0
2024-08-26,24.2,20.435,82.0,27.3,30.0,2.1
2024-08-27,24.7,20.435,93.0,25.8625,28.3,0.2
2024-08-28,24.1,20.435,91.0,26.4,29.6,8.0
2024-08-29,24.8,0.3,82.0,27.5,31.2,1.3
2024-08-30,24.7,0.6,82.0,26.9,29.8,0.0
2024-08-31,25.1,7.8,82.0,28.0,31.4,8.0
2024-09-01,24.1,15.0,80.0,27.6,31.5,6.6
2024-09-02,25.1,9.5,83.0,27.7,31.2,5.5
2024-09-03,25.6,0.8,75.0,28.3,31.3,5.5
2024-09-04,25.8,0.0,82.0,28.5,31.9,0.0
2024-09-05,24.7,0.7,78.0,27.3,31.8,0.0
2024-09-06,25.1,6.6,84.0,27.3,31.4,0.0
2024-09-07,24.9,0.1,82.0,28.2,31.3,0.0
2024-09-08,25.0,2.9,87.0,27.5,30.3,0.1
2024-09-09,25.8,0.9,82.0,27.9,31.9,3.9
2024-09-10,26.0,0.0,73.0,28.4,31.3,2.7
2024-09-11,26.0,0.0,75.0,28.1,31.9,6.1
2024-09-12,24.8,0.0,70.0,27.9,31.9,0.0
2024-09-13,25.6,0.0,73.0,28.3,31.7,2.0
2024-09-14,25.3,0.0,69.0,27.8,32.1,2.1
2024-09-15,25.6,0.0,69.0,28.7,31.0,0.2
2024-09-16,25.4,0.0,71.0,28.7,31.3,3.4
2024-09-17,25.6,0.0,76.0,28.1,31.5,4.4
2024-09-18,25.9,0.0,78.0,28.4,31.4,8.0
2024-09-19,26.4,0.0,77.0,28.4,32.3,4.0
2024-09-20,26.1,0.0,75.0,28.6,32.4,4.4
2024-09-21,26.2,0.0,80.0,28.6,31.3,8.0
2024-09-22,26.1,0.0,79.0,28.9,32.7,2.1
2024-09-23,26.4,0.0,78.0,28.4,33.2,8.0
2024-09-24,25.7,0.0,74.0,29.3,33.8,1.3
2024-09-25,26.6,0.1,79.0,28.4,30.4,7.0
2024-09-26,24.3,6.5,84.0,27.8,32.4,2.8
2024-09-27,23.8,20.435,84.0,26.7,31.1,4.1
2024-09-28,24.8,1.9,77.0,28.6,32.2,4.5
2024-09-29,25.9,0.0,81.0,28.5,32.2,0.0
2024-09-30,24.3,20.435,93.0,26.4,28.6,8.0
2024-10-01,24.0,20.435,79.0,28.2,31.9,8.0
2024-10-02,25.9,13.89,81.0,28.0,30.9,6.4
2024-10-03,25.4,7.345000000000001,85.0,26.8,30.2,0.0
2024-10-04,24.9,0.8,81.0,28.0,32.8,1.2
2024-10-05,25.4,0.6,79.0,27.8,31.3,3.2
2024-10-06,25.7,2.1,81.0,27.9,31.5,6.0
2024-10-07,25.8,5.7,82.0,27.8,31.4,8.0
2024-10-08,26.6,13.067499999999999,75.0,28.4,31.3,5.6
2024-10-09,24.7,20.435,81.0,27.8,32.1,2.3
2024-10-10,24.6,20.0,86.0,26.8,31.4,2.6
2024-10-11,24.8,4.8,80.0,28.0,31.9,0.5
2024-10-12,25.0,0.0,80.0,28.8,32.9,5.8
2024-10-13,26.6,5.0,80.0,27.6,31.5,5.8
2024-10-14,25.0,10.0,85.0,27.3,30.6,8.0
2024-10-15,25.1,11.633333333333333,83.0,28.0,32.4,8.0
2024-10-16,24.9,13.266666666666667,71.0,28.8,32.6,6.1
2024-10-17,25.2,14.9,87.0,26.9,30.0,8.0
2024-10-18,25.4,0.0,80.0,26.8,29.2,5.6
2024-10-19,26.0,0.0,77.0,27.8,31.4,1.6
2024-10-20,25.6,0.0,78.0,28.4,32.1,0.8
2024-10-21,25.2,0.0,74.0,27.3,29.3,0.0
2024-10-22,25.1,1.4,75.0,28.7,31.8,0.0
2024-10-23,23.9,20.435,79.0,29.1,31.4,0.0
2024-10-24,26.3,0.0,78.0,29.1,32.4,3.5
2024-10-25,27.2,0.0,76.0,29.2,31.8,0.0
2024-10-26,26.6,0.0,74.0,29.7,32.9,3.1
2024-10-27,24.8,0.0,75.0,29.5,32.4,4.9
2024-10-28,25.8,0.0,78.0,29.1,32.5,1.0
2024-10-29,23.9,20.435,81.0,28.2,32.3,2.6
2024-10-30,26.3,2.4,75.0,29.1,32.3,8.0
2024-10-31,24.0,0.0,83.0,28.3,31.6,8.0
2024-11-01,25.1,9.5,78.0,27.9,31.5,4.6
2024-11-02,25.4,11.7,77.0,28.5,33.0,4.9
2024-11-03,24.1,13.9,86.0,26.4,31.5,6.5
2024-11-04,24.8,0.0,74.0,28.2,32.5,5.0
2024-11-05,24.7,11.3,76.0,28.5,32.5,8.0
2024-11-06,24.9,0.0,81.0,27.9,31.8,7.5
2024-11-07,25.3,3.1,81.0,27.8,31.9,4.5
2024-11-08,24.8,12.7,80.0,29.0,33.1,5.3
2024-11-09,25.4,2.5,82.0,28.6,32.7,8.0
2024-11-10,26.2,8.478333333333332,76.0,28.8,32.2,5.8
2024-11-11,26.0,14.456666666666665,84.0,27.3,29.9,6.3
2024-11-12,24.7,20.435,83.0,28.2,32.2,0.0
2024-11-13,25.5,0.0,76.0,29.0,33.1,8.0
2024-11-14,25.8,1.1,77.0,28.6,32.4,8.0
2024-11-15,25.2,1.4,76.0,28.8,32.8,4.6
2024-11-16,25.5,0.7,78.0,28.8,32.7,7.5
2024-11-17,25.4,0.0,82.0,28.2,32.6,4.4
2024-11-18,25.4,0.6,85.0,26.9,32.0,2.8
2024-11-19,24.4,20.435,86.0,27.3,30.4,0.5
2024-11-20,25.0,14.89,80.0,27.2,29.6,2.5
2024-11-21,25.5,9.345,88.0,27.8,31.9,0.0
2024-11-22,25.4,3.8,87.0,27.6,31.4,3.6
2024-11-23,25.0,14.0,83.0,27.6,29.6,5.1
2024-11-24,25.1,1.5,81.0,28.0,31.7,0.8
2024-11-25,25.4,8.8,85.0,27.8,31.1,3.8
2024-11-26,24.2,0.3,80.0,27.8,32.9,1.8
2024-11-27,25.0,10.3675,78.0,28.5,32.3,5.1
2024-11-28,24.2,20.435,86.0,27.1,32.2,4.8
2024-11-29,24.8,5.0,77.0,28.5,32.7,1.9
2024-11-30,25.0,2.4,88.0,26.7,30.7,6.0
2024-12-01,24.2,20.435,92.0,26.0,28.7,2.3
2024-12-02,24.9,4.1,85.0,28.1,32.2,0.0
2024-12-03,25.7,1.2,93.0,26.1,30.9,5.9
2024-12-04,24.8,20.435,75.0,28.4,32.4,0.3
2024-12-05,25.7,0.7,74.0,27.4,30.4,6.2
2024-12-06,24.0,0.8,71.0,27.8,32.1,0.4
2024-12-07,23.8,5.0,82.0,27.3,31.9,3.4
2024-12-08,24.2,0.2,74.0,28.3,33.6,6.3
2024-12-09,25.4,0.0,78.0,27.9,30.5,8.0
2024-12-10,25.8,0.0,78.0,28.6,32.2,0.9
2024-12-11,24.5,2.0,83.0,27.3,31.1,1.5
2024-12-12,25.0,10.9,82.0,27.7,31.9,0.4
2024-12-13,24.8,20.435,90.0,26.5,29.4,2.7
2024-12-14,25.0,4.1,81.0,28.4,31.4,0.0
2024-12-15,23.6,14.0,85.0,26.4,30.3,4.0
2024-12-16,24.0,4.5,89.0,26.2,27.8,0.8
2024-12-17,23.8,2.7,88.0,26.8,29.8,0.0
2024-12-18,24.2,2.4,76.0,28.5,32.5,0.2
2024-12-19,25.5,1.2,79.0,27.5,32.0,8.0
2024-12-20,25.4,8.6,79.0,28.3,32.8,1.1
2024-12-21,24.7,16.0,83.0,28.0,32.7,6.7
2024-12-22,23.4,20.435,90.0,26.3,31.8,7.5
2024-12-23,24.1,4.8,80.0,28.0,31.5,3.6
2024-12-24,24.8,18.6,80.0,28.1,32.7,2.7
2024-12-25,25.2,0.2,78.0,27.1,30.3,5.3
2024-12-26,25.6,0.8,81.0,27.7,31.1,0.2
2024-12-27,24.6,4.9,80.0,27.8,31.9,2.3
2024-12-28,24.8,0.0,83.0,27.9,33.1,1.8
2024-12-29,24.4,15.2,80.0,27.6,32.4,5.6
2024-12-30,23.9,8.1,75.0,27.3,31.5,3.9
2024-12-31,24.1,8.2,83.0,27.4,31.2,3.0
2025-01-01,24.4,20.435,91.0,26.2,28.9,1.8
2025-01-02,23.9,3.2,91.0,25.8625,28.5,0.0
2025-01-03,24.4,20.435,88.0,26.6,32.5,0.0
2025-01-04,24.4,10.9,82.0,27.1,30.7,8.0
2025-01-05,24.2,0.0,84.0,27.2,31.9,1.0
2025-01-06,25.2,5.3,77.0,27.9,31.7,6.5
2025-01-07,25.8,0.0,86.0,27.5,30.5,3.6
2025-01-08,24.4,8.7,86.0,26.3,29.2,1.5
2025-01-09,23.1,20.435,91.0,25.8625,29.2,0.0
2025-01-10,24.4,3.3,80.0,27.9,32.1,1.1
2025-01-11,24.4,1.5,84.0,27.2,33.0,8.0
2025-01-12,25.0,0.0,75.0,28.5,33.3,8.0
2025-01-13,24.5,20.435,89.0,26.7,30.8,7.8
2025-01-14,24.0,9.5,90.0,26.6,32.3,0.4
2025-01-15,24.1,20.435,88.0,26.4,31.1,4.8
2025-01-16,24.4,18.3,80.0,27.8,33.6,1.2
2025-01-17,24.4,0.3,79.0,27.8,32.3,8.0
2025-01-18,25.4,0.0,74.0,28.4,33.4,6.2
2025-01-19,25.7,10.2175,83.0,27.3,31.9,7.6
2025-01-20,23.4,20.435,80.0,26.9,32.1,2.4
2025-01-21,23.9,13.9,87.0,26.6,30.9,7.2
2025-01-22,23.9,20.435,84.0,27.1,31.0,6.7
2025-01-23,23.7,13.5,80.0,27.6,32.1,3.9
2025-01-24,23.8,20.435,89.0,26.1,31.0,2.7
2025-01-25,24.4,0.4,81.0,27.6,32.3,1.5
2025-01-26,25.4,0.0,88.0,25.9,28.8,6.1
2025-01-27,23.2,20.435,80.0,27.1,32.0,7.0
2025-01-28,24.6,1.5,83.0,27.1,32.1,5.2
2025-01-29,24.5,11.2,92.0,26.0,28.9,0.9
2025-01-30,24.3,20.435,87.0,26.2,29.6,0.5
2025-01-31,24.3,2.5,85.0,26.8,30.4,0.3
2025-02-01,25.0,0.0,81.0,26.9,30.3,0.5
2025-02-02,25.2,0.0,76.0,28.2,32.4,0.4
2025-02-03,26.4,0.0,78.0,28.3,33.7,6.5
2025-02-04,24.7,0.0,73.0,28.6,33.3,3.1
2025-02-05,25.4,0.0,75.0,28.7,33.5,7.0
2025-02-06,25.1,0.2,78.0,28.0,30.3,8.0
2025-02-07,25.8,0.4,82.0,27.5,30.7,0.0
2025-02-08,23.8,12.0,85.0,27.2,33.0,0.6
2025-02-09,25.4,10.2,79.0,28.6,32.2,6.6
2025-02-10,24.6,1.7,81.0,27.6,32.6,4.3
2025-02-11,25.7,1.6,79.0,28.3,32.8,5.7
2025-02-12,24.1,1.5,77.0,27.5,31.4,7.8
2025-02-13,24.8,0.1,81.0,27.2,32.4,1.8
2025-02-14,24.8,1.7,79.0,27.7,33.1,3.0
2025-02-15,25.5,0.0,80.0,28.2,32.9,2.7
2025-02-16,25.1,16.0,88.0,27.2,31.7,8.0
2025-02-17,24.1,20.435,85.0,26.3,29.5,3.8
2025-02-18,24.1,20.435,90.0,26.1,31.1,1.7
2025-02-19,22.8,20.435,83.0,26.9,32.0,2.3
2025-02-20,23.2,10.817499999999999,81.0,26.3,28.6,8.0
2025-02-21,23.7,1.2,79.0,28.0,31.8,1.3
2025-02-22,24.8,10.0,83.0,27.5,31.0,6.5
2025-02-23,25.0,2.9,88.0,25.8625,29.4,2.8
2025-02-24,24.4,0.9,83.0,26.7,31.3,0.0
2025-02-25,24.4,0.4,83.0,27.3,32.4,1.4
2025-02-26,24.4,2.6,81.0,27.3,32.1,6.3
2025-02-27,24.6,5.233333333333333,84.0,27.2,31.1,4.2
2025-02-28,24.6,7.866666666666667,82.0,27.7,32.2,1.4
2025-03-01,24.5,10.5,81.0,28.2,32.5,5.3
2025-03-02,25.2,0.0,80.0,27.7,31.6,5.0
2025-03-03,24.9,3.75,82.0,28.4,32.7,0.6
2025-03-04,25.2,7.5,83.0,28.2,32.2,4.2
2025-03-05,25.6,9.8,89.0,27.3,29.8,2.0
2025-03-06,25.2,0.2,85.0,27.2,32.3,0.2
2025-03-07,23.6,20.435,86.0,26.3,31.6,7.3
2025-03-08,24.1,16.8,86.0,26.2,31.8,3.1
2025-03-09,24.8,18.011666666666667,79.0,28.2,33.1,0.2
2025-03-10,25.2,19.223333333333333,71.0,28.7,33.7,8.0
2025-03-11,23.4,20.435,84.0,26.6,32.8,6.2
2025-03-12,23.6,5.4,83.0,26.9,31.5,4.0
2025-03-13,24.8,3.25,85.0,27.2,31.0,2.3
2025-03-14,25.1,1.1,82.0,27.6,32.5,3.3
2025-03-15,25.2,0.0,89.0,27.0,31.9,6.1
2025-03-16,24.0,20.435,81.0,26.9,30.9,3.6
2025-03-17,23.9,20.435,90.0,25.8625,28.3,2.4
2025-03-18,23.6,6.4,79.0,27.6,32.8,0.0
2025-03-19,24.0,20.435,89.0,26.5,31.8,8.0
2025-03-20,24.0,4.1,91.0,25.8625,27.4,6.6
2025-03-21,24.4,9.8,81.0,27.0,31.9,0.0
2025-03-22,24.8,2.5,90.0,26.6,30.4,0.1
2025-03-23,24.0,15.0,82.0,27.2,32.0,2.1
2025-03-24,23.2,3.9,79.0,27.6,32.2,6.0
2025-03-25,24.0,3.2,81.0,27.2,31.5,4.8
2025-03-26,26.0,0.1,82.0,28.5,32.9,4.6
2025-03-27,26.2,0.0,83.0,28.9,32.8,6.9
2025-03-28,26.3,5.25,85.0,28.1,33.3,8.0
2025-03-29,23.0,10.5,80.0,28.4,32.6,7.8
2025-03-30,24.8,2.7,88.0,26.0,28.2,6.2
2025-03-31,24.7,0.1,78.0,27.9,32.4,0.0
2025-04-01,24.3,19.4,87.0,26.2,29.3,7.3
2025-04-02,24.1,2.5,82.0,27.6,31.3,0.0
2025-04-03,24.2,3.15,84.0,26.9,32.1,7.0
2025-04-04,24.3,3.8,79.0,27.1,31.9,6.2
2025-04-05,23.4,20.435,84.0,26.3,30.0,2.3
2025-04-06,23.8,13.623333333333331,81.0,26.6,28.4,0.0
2025-04-07,25.0,6.811666666666666,80.0,28.2,32.4,0.1
2025-04-08,25.1,0.0,78.0,28.6,33.0,8.0
2025-04-09,24.8,14.0,83.0,27.3,31.7,6.9
2025-04-10,25.2,0.4,80.0,28.1,32.3,2.5
2025-04-11,24.6,4.1,93.0,25.8625,29.4,5.8
2025-04-12,23.7,17.4,83.0,27.7,32.5,0.0
2025-04-13,24.2,0.8,82.0,27.8,32.3,8.0
2025-04-14,25.7,7.4,85.0,28.2,32.4,4.2
2025-04-15,24.8,3.5,89.0,26.0,28.5,7.8
2025-04-16,24.9,4.5,82.0,28.4,32.7,0.0
2025-04-17,25.1,2.0,84.0,27.4,32.3,8.0
2025-04-18,22.6,18.2,89.0,26.5,31.0,3.2
2025-04-19,24.1,1.3,84.0,28.1,30.3,0.3
2025-04-20,25.4,0.0,77.0,29.0,33.1,8.0
2025-04-21,23.3,20.435,82.0,26.9,31.8,8.0
2025-04-22,23.9,0.0,82.0,27.6,30.9,5.1
2025-04-23,24.7,0.0,78.0,28.2,32.8,0.7
2025-04-24,25.8,0.0,83.0,27.6,32.0,3.6
2025-04-25,23.6,13.0,86.0,27.3,31.8,0.5
2025-04-26,24.6,20.435,79.0,28.0,32.4,1.7
2025-04-27,24.6,20.435,86.0,27.1,30.8,2.6
2025-04-28,24.4,4.0,84.0,27.3,31.9,0.3
2025-04-29,24.9,2.0,93.0,26.2,30.7,3.4
2025-04-30,24.4,4.7,84.0,27.3,31.8,1.1
2025-05-01,25.8,0.0,82.0,28.2,32.3,6.7
2025-05-02,25.7,5.3,83.0,27.6,31.7,5.4
2025-05-03,24.8,0.0,82.0,28.5,32.4,0.8
2025-05-04,24.6,0.0,77.0,28.9,32.8,8.0
2025-05-05,25.4,1.0,78.0,28.4,31.7,8.0
2025-05-06,24.1,20.435,80.0,28.5,32.6,5.8
2025-05-07,24.7,10.2175,75.0,28.0,32.0,7.5
2025-05-08,24.4,0.0,73.0,29.3,33.1,6.0
2025-05-09,26.9,0.0,80.0,28.2,30.2,8.0
2025-05-10,24.2,2.3,79.0,28.5,32.1,0.9
2025-05-11,25.8,0.3,81.0,28.9,33.0,3.2
2025-05-12,24.3,20.435,93.0,25.8625,29.7,7.5
2025-05-13,24.7,7.4,82.0,28.5,32.4,0.0
2025-05-14,24.2,20.435,86.0,27.1,31.7,7.6
2025-05-15,24.4,10.2175,84.0,28.7,32.9,5.0
2025-05-16,25.9,0.0,74.0,29.1,33.1,8.0
2025-05-17,24.5,19.5,86.0,27.2,32.4,8.0
2025-05-18,24.3,5.7,86.0,27.5,32.6,1.9
2025-05-19,24.8,0.0,81.0,28.2,32.2,8.0
2025-05-20,25.1,0.8,88.0,26.9,29.7,7.5
2025-05-21,25.5,11.0,92.0,27.0,28.9,0.0
2025-05-22,23.8,1.0,85.0,28.1,32.9,0.0
2025-05-23,22.8,10.0,83.0,27.2,32.8,4.5
2025-05-24,23.5,0.6,85.0,28.7,32.8,4.1
2025-05-25,25.6,0.3,79.0,28.8,32.8,7.8
2025-05-26,26.2,0.0,79.0,29.0,32.8,8.0
2025-05-27,25.3,6.0,93.0,25.8625,30.3,6.1
2025-05-28,23.5,20.435,87.0,27.6,31.9,0.0
2025-05-29,26.0,0.0,80.0,29.1,33.0,8.0
2025-05-30,23.9,20.435,81.0,27.9,32.4,8.0
2025-05-31,24.4,12.5,91.0,26.9,31.6,6.8
2025-06-01,24.2,20.435,93.0,25.8625,27.9,2.2
2025-06-02,24.7,3.3,90.0,25.8625,29.1,0.0
2025-06-03,22.9,20.435,85.0,27.3,30.7,0.0
2025-06-04,25.6,0.0,86.0,27.8,33.1,0.0
2025-06-05,24.4,0.5,82.0,28.3,32.3,6.2
2025-06-06,25.9,0.0,79.0,28.5,32.4,8.0
2025-06-07,25.4,0.0,76.0,28.3,31.7,7.5
2025-06-08,26.0,0.0,78.0,28.4,31.9,1.5
2025-06-09,24.3,0.0,79.0,28.3,32.3,4.0
2025-06-10,25.6,1.0,80.0,28.4,31.5,8.0
2025-06-11,24.2,20.435,89.0,27.1,32.4,5.4
2025-06-12,25.3,1.6,83.0,28.2,30.4,2.0
2025-06-13,25.2,2.2,80.0,28.6,33.0,0.0
2025-06-14,26.2,0.0,90.0,26.5,29.7,8.0
2025-06-15,25.3,4.5,84.0,28.0,31.1,0.2
2025-06-16,25.4,7.0,84.0,28.1,31.6,5.1
2025-06-17,25.2,9.5,85.0,27.8,31.0,7.6
2025-06-18,24.7,6.0,85.0,27.7,31.4,7.1
2025-06-19,24.1,13.9,90.0,25.8625,28.2,3.5
2025-06-20,23.1,20.435,84.0,25.8625,27.3,0.2
2025-06-21,23.4,0.4,81.0,27.1,31.2,0.0
2025-06-22,23.7,9.7,80.0,26.9,30.7,3.3
2025-06-23,24.3,4.85,84.0,27.2,31.0,1.9
2025-06-24,24.8,0.0,83.0,26.4,29.3,8.0
2025-06-25,24.8,0.5,83.0,27.4,30.7,0.8
2025-06-26,24.5,1.0,86.0,27.1,30.7,4.6
2025-06-27,25.4,0.7,86.0,27.7,31.3,3.0
2025-06-28,25.8,0.4,84.0,27.2,31.0,2.7
2025-06-29,24.8,0.1,83.0,27.1,30.4,3.6
2025-06-30,25.2,0.7999999999999999,86.0,25.8625,30.0,4.8
2025-07-01,23.5,1.5,85.0,27.2,31.3,0.0
2025-07-02,22.8,17.5,82.0,26.7,30.6,8.0
2025-07-03,24.5,8.75,81.0,27.5,31.4,7.6
2025-07-04,24.8,0.0,83.0,26.8,31.0,8.0
2025-07-05,24.0,0.0,85.0,26.7,29.4,5.5
2025-07-06,25.0,1.0,83.0,27.8,30.7,0.5
2025-07-07,24.1,3.8,88.0,25.9,28.9,8.0
2025-07-08,23.9,5.3,82.0,26.7,30.9,0.0
2025-07-09,24.3,0.0,82.0,27.8,30.8,6.4
2025-07-10,25.3,5.0,84.0,27.1,30.0,8.0
2025-07-11,24.2,10.0,88.0,26.7,30.2,2.2
2025-07-12,24.7,6.5,88.0,26.7,31.3,2.1
2025-07-13,23.7,3.0,85.0,27.4,31.3,1.5
2025-07-14,25.1,0.0,86.0,28.3,31.7,7.1
2025-07-15,24.5,7.0,93.0,25.8625,28.8,6.4
2025-07-16,24.0,20.435,86.0,27.1,30.4,0.0
2025-07-17,23.5,16.7,93.0,25.8625,28.1,2.3
2025-07-18,24.0,20.4,83.0,26.8,29.4,0.0
2025-07-19,25.1,10.2,77.0,26.9,30.1,5.5
2025-07-20,25.0,0.0,79.0,26.9,30.1,5.0
2025-07-21,24.2,0.0,81.0,26.6,30.3,8.0
2025-07-22,24.1,0.0,83.0,27.4,30.7,8.0
2025-07-23,25.1,0.0,86.0,27.9,31.3,8.0
2025-07-24,26.2,0.0,86.0,28.3,31.4,8.0
2025-07-25,26.4,0.0,84.0,28.6,31.8,8.0
2025-07-26,26.0,0.0,82.0,28.7,31.6,8.0
2025-07-27,24.6,0.0,76.0,28.2,32.6,8.0
2025-07-28,25.8,0.0,83.0,28.1,31.6,0.0
2025-07-29,26.4,0.0,84.0,27.8,31.4,8.0
2025-07-30,25.7,0.0,83.0,28.0,31.7,7.3
2025-07-31,25.7,0.0,86.0,27.9,30.8,8.0
2025-08-01,25.9,0.0,78.0,29.2,32.2,4.3
2025-08-02,26.8,0.0,83.0,28.1,31.1,8.0
2025-08-03,26.2,1.2,87.0,27.1,30.8,6.2
2025-08-04,24.4,20.435,88.0,26.5,29.5,2.3
2025-08-05,25.1,5.0,83.0,27.4,30.6,1.8
2025-08-06,25.0,2.8,83.0,27.4,30.4,5.3
2025-08-07,24.9,0.7,84.0,27.4,31.3,0.8
2025-08-08,24.7,2.6333333333333333,85.0,27.6,31.1,4.3
2025-08-09,25.3,4.566666666666666,89.0,26.3,29.4,5.7
2025-08-10,24.4,6.5,89.0,25.9,26.9,1.4
2025-08-11,23.7,4.0,85.0,26.8,30.9,0.0
2025-08-12,24.7,12.2175,86.0,26.5,29.7,8.0
2025-08-13,23.0,20.435,83.0,26.0,29.9,0.0
2025-08-14,23.7,2.2,87.0,25.8625,30.0,0.5
2025-08-15,23.4,3.95,86.0,26.0,30.7,2.5
2025-08-16,24.4,5.7,84.0,27.1,30.4,5.3
2025-08-17,25.3,0.0,89.0,25.9,28.5,4.7
2025-08-18,24.6,7.1,85.0,27.1,31.0,0.0
2025-08-19,24.7,1.0,86.0,27.0,31.2,5.0
2025-08-20,23.3,20.435,87.0,26.5,29.9,4.7
2025-08-21,24.0,1.0,80.0,26.3,29.5,6.3
2025-08-22,24.6,0.5,83.0,27.1,30.7,0.9
2025-08-23,25.0,0.0,84.0,27.3,30.4,3.3
2025-08-24,25.7,1.6,85.0,26.6,30.0,3.1
2025-08-25,23.8,3.2,80.0,27.0,30.1,0.1
2025-08-26,23.1,4.0,86.0,26.1,29.8,1.5
2025-08-27,24.0,2.0,84.0,26.7,29.8,3.0
2025-08-28,24.5,0.0,84.0,27.0,29.1,2.1
2025-08-29,23.5,5.766666666666667,82.0,27.4,31.0,0.2
2025-08-30,24.3,11.533333333333333,84.0,27.1,29.4,8.0
2025-08-31,23.2,17.3,92.0,25.8625,28.2,1.3
2025-09-01,23.4,20.435,83.0,27.0,30.5,0.0
2025-09-02,25.3,0.0,82.0,28.0,31.6,8.0
2025-09-03,24.1,13.0,86.0,26.9,31.1,6.6
2025-09-04,24.5,0.0,75.0,27.9,31.6,5.5
2025-09-05,24.2,5.0,89.0,26.0,29.4,5.5
2025-09-06,22.8,20.435,89.0,25.8625,29.2,0.0
2025-09-07,24.2,0.2,87.0,26.8,28.9,0.0
2025-09-08,24.3,5.2,87.0,27.0,29.9,0.0
2025-09-09,24.9,8.0,90.0,26.3,27.7,0.0
2025-09-10,24.1,10.8,87.0,27.3,31.4,0.1
2025-09-11,24.4,6.8500000000000005,86.0,26.7,30.9,3.9
2025-09-12,24.8,2.9,86.0,27.1,30.7,2.7
2025-09-13,23.2,20.435,87.0,27.3,30.8,6.1
2025-09-14,23.3,20.435,86.0,26.5,28.6,0.0
2025-09-15,24.8,1.5,86.0,26.7,30.4,2.0
2025-09-16,24.6,2.0,88.0,26.7,28.6,2.1
2025-09-17,25.1,0.8,86.0,26.9,30.6,0.2
2025-09-18,24.5,0.5,78.0,27.1,30.9,3.4
2025-09-19,24.4,1.3,85.0,27.8,31.6,4.4
2025-09-20,25.2,0.0,86.0,27.7,31.1,8.0
2025-09-21,24.4,1.5,84.0,27.4,31.6,4.0
2025-09-22,24.4,1.0,80.0,28.7,31.6,4.4
2025-09-23,24.5,0.0,82.0,27.6,30.4,8.0
2025-09-24,25.4,0.0,83.0,28.2,31.7,2.1
2025-09-25,25.4,0.0,78.0,27.8,30.8,8.0
2025-09-26,23.5,20.435,83.0,28.4,32.4,1.3
2025-09-27,25.3,0.0,80.0,28.2,31.2,7.0
2025-09-28,25.7,0.2,85.0,27.8,31.6,2.8
2025-09-29,24.8,0.0,87.0,27.6,31.9,4.1
2025-09-30,23.5,11.8,91.0,26.3,29.3,4.5
2025-10-01,24.6,1.0,82.0,28.3,32.0,0.0
2025-10-02,25.0,0.0,81.0,28.6,32.0,8.0
2025-10-03,27.0,0.0,82.0,28.8,31.9,8.0
2025-10-04,22.45,20.435,93.0,25.8625,27.3,6.4
2025-10-05,23.6,3.0,86.0,26.5,30.4,0.0
2025-10-06,24.3,3.1,86.0,25.8625,27.9,1.2
2025-10-07,24.0,3.2,84.0,27.3,31.3,3.2
2025-10-08,24.4,0.0,78.0,28.4,31.5,6.0
2025-10-09,24.0,0.0,82.0,27.9,31.1,8.0
2025-10-10,23.7,0.0,85.0,27.0,31.5,5.6
2025-10-11,24.0,0.0,83.0,28.6,32.1,2.3
2025-10-12,25.7,4.5,88.0,27.4,29.4,2.6
2025-10-13,24.9,2.0,85.0,28.1,34.2,0.5
2025-10-14,24.7,0.4,83.0,27.3,31.3,5.8
2025-10-15,24.7,0.2,82.0,28.2,32.6,5.8
2025-10-16,25.8,0.0,82.0,29.0,33.4,8.0
2025-10-17,25.6,0.0,81.0,29.0,32.7,8.0
2025-10-18,26.2,0.0,82.0,29.0,32.4,6.1
2025-10-19,24.4,20.435,86.0,28.7,31.7,8.0
2025-10-20,24.8,0.0,89.0,27.7,30.4,5.6
2025-10-21,24.5,1.4,89.0,27.1,29.5,1.6
2025-10-22,24.5,19.0,93.0,26.4,29.2,0.8
2025-10-23,25.2,0.1,85.0,28.0,29.9,0.0
2025-10-24,24.2,20.435,93.0,26.3,29.5,0.0
2025-10-25,25.1,1.0,93.0,26.6,29.8,0.0
2025-10-26,23.4,20.435,93.0,25.8625,28.2,3.5
2025-10-27,23.7,5.8,89.0,27.1,30.3,0.0
2025-10-28,23.8,0.4,93.0,26.0,30.6,3.1
2025-10-29,24.4,3.5,87.0,27.4,29.6,4.9
2025-10-30,25.5,11.9675,88.0,27.9,31.0,1.0
2025-10-31,23.4,20.435,93.0,25.8625,28.8,2.6
