TANGGAL,TN,TX,SS,RR,RH_AVG,TAVG
2023-01-01,25.15,29.33,23.08,2.6,74.0,28.35
2023-01-02,25.78,28.78,15.72,2.6,76.0,28.33
2023-01-03,24.44,28.61,15.16,2.8,81.0,28.03
2023-01-04,26.51,28.6,18.59,1.58,78.0,27.74
2023-01-05,26.9,28.48,18.09,2.25,78.0,27.76
2023-01-06,24.34,28.12,18.19,5.31,82.0,27.52
2023-01-07,24.01,28.07,14.92,7.015000000000001,79.0,27.64
2023-01-08,23.45,27.82,6.33,8.72,83.0,27.2
2023-01-09,25.3,27.2729,16.28,0.0,86.0,26.55
2023-01-10,25.27,27.81,10.81,0.0,80.0,27.01
2023-01-11,25.44,28.12,16.66,1.75,79.0,27.34
2023-01-12,24.72,28.1,12.89,2.44,81.0,27.43
2023-01-13,24.09,28.92,21.78,1.22,78.0,28.1
2023-01-14,24.87,28.41,17.97,0.0,78.0,28.14
2023-01-15,24.55,28.74,17.18,2.23,78.0,28.26
2023-01-16,25.42,29.24,17.0,4.82,77.0,28.49
2023-01-17,25.64,28.71,19.48,7.41,79.0,28.22
2023-01-18,25.16,28.36,13.55,12.65,77.0,27.84
2023-01-19,26.73,27.71,16.94,11.59,80.0,27.2
2023-01-20,26.81,28.05,17.87,8.22,81.0,27.4
2023-01-21,26.83,27.76,9.49,10.2,81.0,27.32
2023-01-22,24.02,28.64,16.1,0.0,78.0,27.82
2023-01-23,26.56,27.29,16.67,0.0,85.0,26.94
2023-01-24,23.0684,28.15,18.58,0.0,80.0,27.49
2023-01-25,23.2,27.28,11.63,13.5,86.0,26.81
2023-01-26,26.07,27.2729,10.6,19.4,87.0,26.47
2023-01-27,26.42,27.82,12.34,4.02,81.0,27.14
2023-01-28,26.33,27.2729,15.38,0.0,86.0,26.63
2023-01-29,26.07,27.2729,13.41,5.22,85.0,26.71
2023-01-30,26.65,27.59,16.6,0.0,84.0,27.05
2023-01-31,26.62,27.76,15.27,8.59,82.0,27.3
2023-02-01,26.52,27.55,15.97,15.5,83.0,27.09
2023-02-02,26.1,27.2729,15.81,12.09,84.0,26.71
2023-02-03,25.98,27.99,13.82,3.41,78.0,26.98
2023-02-04,26.36,28.37,19.5,8.2,79.0,27.38
2023-02-05,26.54,27.96,15.14,0.0,84.0,27.25
2023-02-06,26.65,27.71,13.46,5.27,82.0,27.16
2023-02-07,26.82,28.32,15.64,1.9,79.0,27.54
2023-02-08,26.64,27.92,19.35,4.42,82.0,27.29
2023-02-09,26.53,28.9,12.27,2.09,77.0,27.59
2023-02-10,26.75,28.19,18.68,5.08,83.0,27.52
2023-02-11,24.14,28.23,19.92,8.07,85.0,27.8
2023-02-12,26.92,27.63,8.59,8.16,81.0,27.21
2023-02-13,26.15,27.68,13.68,10.23,84.0,26.96
2023-02-14,26.26,28.16,16.87,11.263333333333334,80.0,27.27
2023-02-15,26.75,28.57,17.73,12.296666666666667,79.0,27.59
2023-02-16,26.72,27.71,15.36,13.33,81.0,27.25
2023-02-17,26.75,27.9,11.9,5.27,84.0,27.22
2023-02-18,27.0,27.48,18.49,5.58,84.0,27.21
2023-02-19,26.84,27.74,21.82,7.05,85.0,27.41
2023-02-20,26.78,27.51,12.87,5.92,87.0,27.16
2023-02-21,26.99,28.49,17.54,4.79,81.0,27.83
2023-02-22,26.91,28.05,19.86,8.08,87.0,27.23
2023-02-23,26.65,27.71,18.32,8.54,86.0,27.19
2023-02-24,26.7,27.73,7.04,10.57,85.0,27.26
2023-02-25,26.8,27.28,11.12,0.0,83.0,27.09
2023-02-26,26.6,27.7,19.03,0.0,82.0,27.23
2023-02-27,26.54,28.36,19.56,12.22,83.0,27.42
2023-02-28,26.28,27.32,11.71,21.85,88.0,26.88
2023-03-01,25.72,27.2729,10.4,10.925,83.0,26.4
2023-03-02,25.87,28.39,23.23,0.0,77.0,27.21
2023-03-03,26.82,27.53,11.35,7.03,82.0,27.22
2023-03-04,26.29,27.54,17.71,7.46,83.0,27.13
2023-03-05,25.79,27.6,15.23,6.11,83.0,26.63
2023-03-06,26.19,27.55,22.57,5.78,82.0,27.07
2023-03-07,26.98,27.91,14.41,5.45,82.0,27.49
2023-03-08,26.99,28.27,16.61,8.58,84.0,27.64
2023-03-09,26.91,28.13,20.81,6.41,83.0,27.62
2023-03-10,24.09,28.61,17.21,4.62,79.0,27.86
2023-03-11,24.37,28.43,21.77,8.58,79.0,27.91
2023-03-12,25.15,28.29,8.99,12.54,83.0,27.59
2023-03-13,26.44,27.2729,15.33,19.42,82.0,26.85
2023-03-14,26.14,27.37,16.23,0.0,81.0,26.71
2023-03-15,26.39,27.5,19.91,9.28,80.0,27.0
2023-03-16,27.0937,28.08,15.72,6.5,82.0,27.63
2023-03-17,27.0937,28.22,14.03,5.21,83.0,27.71
2023-03-18,27.0937,28.38,23.02,4.41,79.0,27.94
2023-03-19,27.0937,28.78,23.374199999999988,1.55,79.0,28.3
2023-03-20,27.0937,28.32,15.55,5.92,80.0,28.17
2023-03-21,27.0937,28.93,13.77,4.54,79.0,28.13
2023-03-22,27.0937,28.78,19.88,4.05,80.0,28.04
2023-03-23,26.92,28.18,14.76,0.0,84.0,27.66
2023-03-24,24.51,29.01,23.374199999999988,0.0,81.0,28.29
2023-03-25,24.69,28.25,19.97,0.0,85.0,27.91
2023-03-26,26.71,27.6,10.57,0.0,85.0,26.99
2023-03-27,26.72,28.42,21.24,0.0,83.0,27.47
2023-03-28,26.51,28.01,18.15,0.0,79.0,27.31
2023-03-29,27.0937,28.82,20.19,1.85,74.0,28.13
2023-03-30,27.07,27.98,14.26,6.08,81.0,27.48
2023-03-31,26.27,27.63,20.76,17.91,82.0,27.05
2023-04-01,26.43,27.91,15.97,10.07,82.0,27.2
2023-04-02,25.96,27.2729,18.03,6.29,86.0,26.63
2023-04-03,26.91,28.88,13.2,11.2,77.0,27.93
2023-04-04,26.4,27.52,12.41,44.94,83.0,27.02
2023-04-05,26.2,27.52,6.48,2.17,81.0,26.92
2023-04-06,24.32,28.49,20.52,12.200000000000001,77.0,27.83
2023-04-07,26.0,27.28,12.46,22.23,83.0,26.72
2023-04-08,26.79,28.63,19.29,5.12,77.0,27.81
2023-04-09,25.03,28.35,21.83,5.55,78.0,27.83
2023-04-10,26.82,28.07,18.67,14.08,84.0,27.65
2023-04-11,25.6,28.37,21.64,11.27,82.0,28.06
2023-04-12,25.98,29.1,20.56,8.46,78.0,28.65
2023-04-13,25.99,29.4,15.91,5.65,80.0,28.73
2023-04-14,24.75,28.4,9.59,7.86,85.0,28.06
2023-04-15,24.6,28.29,15.47,6.495,82.0,27.99
2023-04-16,24.44,28.33,13.87,5.13,83.0,27.97
2023-04-17,25.7,28.72,21.43,3.17,81.0,28.15
2023-04-18,24.65,28.77,21.76,0.0,81.0,28.26
2023-04-19,26.87,28.59,19.12,6.53,83.0,28.2
2023-04-20,26.94,28.94,15.47,4.08,79.0,28.53
2023-04-21,26.06,28.78,21.12,0.0,82.0,28.38
2023-04-22,25.04,28.75,12.78,8.28,82.0,28.36
2023-04-23,25.25,29.22,21.59,1.71,78.0,28.81
2023-04-24,24.31,29.36,20.61,7.76,79.0,28.88
2023-04-25,24.09,28.6,6.65,4.484999999999999,81.0,28.39
2023-04-26,25.25,29.49,23.06,1.21,76.0,28.86
2023-04-27,25.34,29.52,20.89,2.31,80.0,28.92
2023-04-28,26.19,29.11,20.08,4.23,83.0,28.72
2023-04-29,26.01,28.69,16.66,6.15,82.0,28.27
2023-04-30,24.77,28.17,10.53,7.06,83.0,27.96
2023-05-01,24.73,28.76,20.59,4.25,80.0,28.33
2023-05-02,24.35,29.18,9.82,1.13,79.0,28.71
2023-05-03,24.11,29.0,21.25,1.26,81.0,28.55
2023-05-04,25.39,29.31,21.52,0.0,82.0,28.76
2023-05-05,26.67,29.35,18.22,2.45,82.0,28.93
2023-05-06,26.27,29.32,13.41,5.36,85.0,28.61
2023-05-07,24.05,29.09,15.09,8.11,85.0,28.51
2023-05-08,24.64,29.06,5.08,6.56,81.0,28.38
2023-05-09,24.86,28.84,13.9,7.59,80.0,28.39
2023-05-10,25.65,28.74,10.21,8.01,81.0,28.16
2023-05-11,25.439999999999998,29.61,21.59,7.484999999999999,78.0,28.93
2023-05-12,25.23,29.44,21.23,6.96,84.0,28.94
2023-05-13,25.02,29.57,20.28,7.41,85.0,28.86
2023-05-14,24.35,28.83,11.87,8.43,84.0,28.5
2023-05-15,25.74,28.74,17.46,6.16,83.0,28.31
2023-05-16,25.79,28.36,8.82,6.425000000000001,85.0,28.04
2023-05-17,26.49,28.54,14.75,6.69,80.0,28.05
2023-05-18,24.04,28.75,13.64,8.41,84.0,28.33
2023-05-19,26.53,28.12,12.44,7.32,85.0,27.87
2023-05-20,26.63,28.47,20.77,2.18,83.0,28.05
2023-05-21,26.77,28.62,19.89,3.51,85.0,28.17
2023-05-22,26.68,28.4,14.74,6.326666666666666,84.0,28.05
2023-05-23,26.81,28.57,18.58,9.143333333333334,84.0,28.14
2023-05-24,26.68,28.11,11.66,11.96,87.0,27.85
2023-05-25,24.5,28.5,21.02,8.5,85.0,27.96
2023-05-26,24.7,28.35,11.32,5.9,86.0,27.94
2023-05-27,24.28,28.6,19.47,3.51,87.0,27.98
2023-05-28,25.0,28.66,16.53,2.9,86.0,28.28
2023-05-29,25.13,29.07,18.1,0.86,84.0,28.51
2023-05-30,25.27,29.08,20.25,1.62,83.0,28.55
2023-05-31,24.1,29.02,20.54,2.3,84.0,28.48
2023-06-01,24.91,28.37,18.83,4.23,89.0,28.18
2023-06-02,24.14,28.94,20.23,3.08,87.0,28.51
2023-06-03,26.15,28.7,19.02,4.595000000000001,87.0,28.4
2023-06-04,26.92,28.48,16.63,6.11,86.0,28.18
2023-06-05,26.15,27.83,7.04,7.625,89.0,27.47
2023-06-06,26.95,28.05,20.19,9.14,87.0,27.59
2023-06-07,25.56,28.07,15.84,13.2,85.0,27.84
2023-06-08,25.65,28.78,17.59,4.36,82.0,28.18
2023-06-09,24.53,28.45,20.19,0.0,84.0,27.93
2023-06-10,24.61,28.61,18.41,4.84,85.0,28.08
2023-06-11,25.67,28.74,19.51,0.0,86.0,28.22
2023-06-12,25.62,28.16,14.42,5.89,86.0,27.9
2023-06-13,25.62,28.41,12.76,6.23,82.0,28.02
2023-06-14,25.54,28.38,14.81,6.095000000000001,82.0,27.8
2023-06-15,25.12,27.99,12.89,5.960000000000001,83.0,27.52
2023-06-16,26.97,27.91,15.26,5.825,83.0,27.46
2023-06-17,26.06,27.59,5.72,5.69,83.0,27.27
2023-06-18,25.045,28.14,12.25,7.13,81.0,27.65
2023-06-19,24.03,27.82,15.58,5.85,80.0,27.52
2023-06-20,26.52,27.57,4.55,14.49,85.0,26.85
2023-06-21,26.19,28.29,16.41,0.97,80.0,27.79
2023-06-22,24.29,28.24,21.3,1.13,83.0,27.73
2023-06-23,24.38,28.51,19.87,0.31,82.0,27.85
2023-06-24,24.47,28.43,19.4,0.0,86.0,27.94
2023-06-25,24.48,28.5,17.17,3.13,85.0,27.97
2023-06-26,24.37,28.22,16.94,2.28,85.0,27.82
2023-06-27,24.56,28.19,13.59,6.46,85.0,27.93
2023-06-28,25.29,28.04,18.89,3.43,83.0,27.72
2023-06-29,24.44,28.22,19.84,3.13,84.0,27.83
2023-06-30,26.55,28.34,10.77,3.59,81.0,28.02
2023-07-01,26.7,28.67,20.12,0.0,81.0,28.19
2023-07-02,26.69,28.32,15.25,4.72,82.0,28.01
2023-07-03,26.64,27.78,5.56,12.92,86.0,27.21
2023-07-04,26.77,28.11,13.53,4.52,80.0,27.53
2023-07-05,24.71,28.59,17.04,1.78,78.0,28.06
2023-07-06,25.48,28.3,16.69,5.91,82.0,27.84
2023-07-07,26.78,27.79,12.45,8.59,83.0,27.41
2023-07-08,26.55,27.58,12.0,15.28,84.0,26.75
2023-07-09,26.89,28.01,18.75,1.61,80.0,27.59
2023-07-10,24.26,28.48,19.72,0.86,82.0,27.96
2023-07-11,24.95,28.94,18.1,0.39,81.0,28.38
2023-07-12,24.34,28.14,17.62,0.0,85.0,27.81
2023-07-13,26.84,27.54,9.4,0.0,86.0,27.08
2023-07-14,26.09,27.69,17.09,0.0,86.0,26.96
2023-07-15,26.96,28.16,10.79,0.0,84.0,27.52
2023-07-16,26.56,27.36,10.85,0.0,89.0,27.0
2023-07-17,26.82,28.16,16.85,0.0,85.0,27.56
2023-07-18,25.23,28.4,14.25,0.0,83.0,27.81
2023-07-19,25.47,28.17,16.18,2.68,85.0,27.83
2023-07-20,25.52,28.55,16.52,3.52,85.0,27.95
2023-07-21,25.16,27.74,12.38,9.81,87.0,27.4
2023-07-22,25.07,28.29,18.02,1.31,84.0,27.66
2023-07-23,25.975,28.27,17.5,1.2000000000000002,84.0,27.64
2023-07-24,26.88,28.25,19.09,1.09,84.0,27.62
2023-07-25,24.33,28.47,19.8,0.14,82.0,27.79
2023-07-26,24.27,28.42,21.21,0.07,82.0,27.71
2023-07-27,26.99,28.17,21.74,0.1,82.0,27.54
2023-07-28,26.81,28.15,21.48,0.02,82.0,27.46
2023-07-29,26.88,28.12,22.58,0.1,82.0,27.39
2023-07-30,26.6,28.01,20.85,0.18,84.0,27.31
2023-07-31,26.78,28.17,19.31,0.25,84.0,27.47
2023-08-01,26.92,28.35,19.33,1.526,86.0,27.65
2023-08-02,26.35,28.49,22.17,2.802,85.0,27.9
2023-08-03,26.8,27.82,22.11,4.078,84.0,27.38
2023-08-04,26.09,27.92,22.53,5.354,85.0,27.5
2023-08-05,26.99,28.12,16.42,6.63,87.0,27.54
2023-08-06,25.22,28.13,21.85,3.37,85.0,27.64
2023-08-07,25.32,28.3,20.38,1.88,82.0,27.68
2023-08-08,25.13,28.32,22.46,0.37,82.0,27.63
2023-08-09,26.99,28.2,20.74,0.52,81.0,27.53
2023-08-10,24.07,28.31,20.74,0.67,83.0,27.5
2023-08-11,24.03,28.01,19.13,1.37,83.0,27.43
2023-08-12,26.63,27.66,20.41,0.29,83.0,27.14
2023-08-13,26.79,28.19,20.59,0.16499999999999998,80.0,27.46
2023-08-14,25.06,28.22,19.75,0.04,82.0,27.52
2023-08-15,26.94,28.48,18.29,0.11,84.0,27.65
2023-08-16,26.94,27.99,19.37,0.28,84.0,27.42
2023-08-17,26.88,28.08,22.16,0.27,84.0,27.46
2023-08-18,26.02,28.16,19.48,0.0,83.0,27.53
2023-08-19,25.1,28.36,20.82,0.34,83.0,27.65
2023-08-20,25.14,28.73,22.4,0.25,81.0,27.92
2023-08-21,24.57,28.68,21.39,0.24,80.0,27.93
2023-08-22,24.35,28.77,20.59,0.33,80.0,27.88
2023-08-23,24.14,28.38,14.21,1.76,83.0,27.71
2023-08-24,26.98,27.91,18.57,13.53,86.0,27.46
2023-08-25,25.17,28.02,19.0,25.3,85.0,27.5
2023-08-26,25.03,28.34,16.07,2.72,84.0,27.61
2023-08-27,26.91,28.66,23.374199999999988,2.03,82.0,27.78
2023-08-28,26.91,28.33,22.55,1.14,82.0,27.62
2023-08-29,24.09,28.6,23.374199999999988,0.07,81.0,27.79
2023-08-30,26.79,28.53,21.96,0.0,82.0,27.59
2023-08-31,26.76,28.59,21.96,0.0,83.0,27.62
2023-09-01,25.08,28.15,20.21,0.0,83.0,27.57
2023-09-02,26.72,28.3,22.77,0.0,78.0,27.44
2023-09-03,26.86,28.35,21.26,0.01,79.0,27.46
2023-09-04,26.68,28.57,22.9,0.01,80.0,27.57
2023-09-05,26.84,28.62,20.84,0.79,84.0,27.69
2023-09-06,26.13,28.31,18.28,2.95,85.0,27.67
2023-09-07,26.44,28.81,18.91,1.13,82.0,27.99
2023-09-08,26.05,28.34,20.52,1.19,83.0,27.66
2023-09-09,24.21,28.34,20.18,0.62,81.0,27.65
2023-09-10,24.05,28.27,21.71,1.72,84.0,27.65
2023-09-11,24.1,28.64,14.2,8.27,83.0,27.74
2023-09-12,26.17,27.2729,14.41,0.0,85.0,26.47
2023-09-13,26.61,27.69,18.76,3.95,79.0,27.28
2023-09-14,25.08,28.83,16.91,1.38,82.0,27.82
2023-09-15,26.79,28.46,20.05,2.71,84.0,27.68
2023-09-16,25.18,28.25,17.4,1.82,84.0,27.7
2023-09-17,26.9,27.96,15.27,2.94,87.0,27.36
2023-09-18,26.74,28.18,20.36,3.06,86.0,27.47
2023-09-19,24.39,27.99,16.91,3.18,84.0,27.66
2023-09-20,24.47,28.73,20.59,0.98,82.0,28.02
2023-09-21,24.52,28.99,23.17,0.54,82.0,28.1
2023-09-22,24.32,28.92,22.65,0.29000000000000004,79.0,27.99
2023-09-23,24.03,28.54,20.54,0.04,81.0,27.75
2023-09-24,26.14,28.72,23.374199999999988,0.12,83.0,27.85
2023-09-25,26.97,28.61,23.374199999999988,0.07,84.0,27.75
2023-09-26,26.04,28.92,23.374199999999988,0.01,80.0,27.87
2023-09-27,26.03,28.95,23.374199999999988,0.305,80.0,27.84
2023-09-28,26.94,28.75,23.374199999999988,0.6,82.0,27.81
2023-09-29,24.2,28.79,22.66,2.05,83.0,27.88
2023-09-30,24.37,28.75,18.69,0.65,82.0,27.97
2023-10-01,24.38,28.77,15.89,0.3,81.0,27.96
2023-10-02,24.33,28.73,20.95,0.22,82.0,27.95
2023-10-03,25.45,28.79,20.05,1.02,83.0,28.01
2023-10-04,25.51,28.74,20.12,1.82,83.0,28.06
2023-10-05,25.38,28.76,22.69,2.6,81.0,28.11
2023-10-06,24.84,28.91,21.32,7.72,81.0,28.35
2023-10-07,24.58,29.07,22.66,8.13,83.0,28.29
2023-10-08,24.58,28.58,21.53,7.47,81.0,28.1
2023-10-09,25.74,29.43,20.31,5.375,80.0,28.6
2023-10-10,25.06,29.2,22.21,3.28,82.0,28.53
2023-10-11,26.69,29.03,21.43,0.74,81.0,28.41
2023-10-12,25.52,28.98,20.29,1.73,81.0,28.36
2023-10-13,25.74,29.21,22.51,2.5,82.0,28.4
2023-10-14,26.71,29.05,16.11,2.58,79.0,28.46
2023-10-15,26.98,28.75,19.63,5.54,81.0,28.31
2023-10-16,26.51,28.06,19.2,8.5,85.0,27.81
2023-10-17,24.46,28.44,18.86,9.85,83.0,28.01
2023-10-18,24.64,28.52,8.2,12.17,83.0,28.12
2023-10-19,24.68,28.84,17.63,5.05,80.0,28.28
2023-10-20,25.71,29.07,17.17,2.15,79.0,28.4
2023-10-21,25.82,28.88,20.81,2.18,79.0,28.34
2023-10-22,25.87,28.87,16.77,4.02,77.0,28.42
2023-10-23,24.17,28.73,17.83,2.34,77.0,28.38
2023-10-24,24.87,28.8,19.04,2.91,79.0,28.33
2023-10-25,25.523333333333333,28.75,23.374199999999988,2.2066666666666666,82.0,28.286666666666665
2023-10-26,26.176666666666666,28.7,22.41,1.5033333333333332,82.0,28.243333333333332
2023-10-27,26.83,28.65,22.46,0.8,80.0,28.2
2023-10-28,26.3,28.71,23.25,1.0,78.0,28.18
2023-10-29,26.88,29.57,23.23,0.34,72.0,28.88
2023-10-30,26.18,29.61,22.88,0.63,75.0,28.99
2023-10-31,24.3,29.62,22.38,0.57,77.0,28.92
2023-11-01,24.49,29.44,21.01,1.54,76.0,28.91
2023-11-02,24.37,28.84,17.34,7.49,79.0,28.63
2023-11-03,24.08,29.17,16.04,2.67,76.0,28.69
2023-11-04,24.9,28.87,5.91,0.0,75.0,28.34
2023-11-05,25.1,29.99,23.374199999999988,0.67,74.0,28.97
2023-11-06,25.39,29.4,20.23,1.9,78.0,28.85
2023-11-07,25.31,28.84,15.68,0.0,81.0,28.51
2023-11-08,24.42,29.4,19.75,0.0,78.0,28.96
2023-11-09,24.59,29.19,8.42,0.0,78.0,28.9
2023-11-10,24.73,29.65,22.68,0.0,77.0,28.71
2023-11-11,25.0,29.43,12.69,0.0,79.0,28.71
2023-11-12,25.58,29.05,21.82,4.34,79.0,28.42
2023-11-13,24.37,28.71,15.23,4.21,77.0,28.56
2023-11-14,24.27,29.53,23.21,1.23,78.0,28.82
2023-11-15,26.19,29.78,22.06,3.0199999999999996,79.0,29.03
2023-11-16,26.73,29.58,16.18,4.81,78.0,29.18
2023-11-17,26.42,29.52,20.89,0.0,79.0,28.92
2023-11-18,26.35,28.96,12.37,1.95,81.0,28.63
2023-11-19,25.22,29.35,17.97,3.18,79.0,28.74
2023-11-20,25.01,28.74,16.23,4.2700000000000005,82.0,28.37
2023-11-21,25.98,28.65,15.37,5.36,81.0,28.33
2023-11-22,24.12,29.28,21.37,1.98,79.0,28.7
2023-11-23,24.3,29.07,12.97,3.52,81.0,28.71
2023-11-24,24.8,28.66,14.41,8.25,80.0,28.03
2023-11-25,26.84,29.59,18.17,7.005,76.0,28.58
2023-11-26,26.63,28.64,9.17,5.76,83.0,28.06
2023-11-27,24.22,28.75,18.92,2.28,79.0,27.97
2023-11-28,24.54,28.74,19.02,3.01,81.0,28.11
2023-11-29,24.62,28.5,18.71,2.44,82.0,28.12
2023-11-30,25.75,28.44,14.35,3.35,85.0,28.16
2023-12-01,25.72,28.67,16.93,3.79,83.0,28.2
2023-12-02,25.84,28.48,14.33,7.61,82.0,28.15
2023-12-03,25.66,28.77,19.56,6.72,82.0,28.2
2023-12-04,24.42,28.73,12.35,10.0,80.0,28.17
2023-12-05,24.54,28.98,18.28,4.75,77.0,28.35
2023-12-06,26.12,28.88,21.17,15.39,78.0,28.55
2023-12-07,26.53,28.82,10.14,11.56,84.0,28.12
2023-12-08,26.74,28.89,20.71,0.0,78.0,28.02
2023-12-09,25.45,29.08,18.66,4.83,80.0,28.26
2023-12-10,25.73,28.49,20.03,6.03,82.0,28.14
2023-12-11,26.65,29.05,17.75,5.61,79.0,28.42
2023-12-12,24.82,29.16,18.6,6.38,82.0,28.48
2023-12-13,25.75,29.15,7.14,10.24,83.0,28.29
2023-12-14,26.97,28.83,19.65,5.16,80.0,28.12
2023-12-15,25.9,29.34,11.24,3.21,80.0,28.7
2023-12-16,24.58,29.3,18.41,8.67,83.0,28.57
2023-12-17,25.74,28.55,15.75,0.0,85.0,28.13
2023-12-18,25.65,28.92,16.81,6.42,81.0,28.19
2023-12-19,25.12,28.15,17.06,3.31,84.0,27.79
2023-12-20,25.67,28.53,20.25,0.0,84.0,28.17
2023-12-21,24.11,28.3,19.73,5.93,83.0,27.64
2023-12-22,24.22,29.15,19.28,3.67,80.0,28.61
2023-12-23,26.08,29.4,17.65,0.0,77.0,28.84
2023-12-24,26.74,29.32,21.75,3.16,82.0,28.63
2023-12-25,26.81,29.08,19.8,5.03,83.0,28.49
2023-12-26,26.71,28.88,10.9,4.2625,80.0,28.41
2023-12-27,26.86,29.39,21.43,3.495,81.0,28.63
2023-12-28,26.96,29.25,14.27,2.7275,84.0,28.57
2023-12-29,26.87,29.31,22.18,1.96,84.0,28.57
2023-12-30,25.5,33.1,9.4,0.0,76.0,29.5
2023-12-31,25.9,30.9,9.0,0.0,86.0,27.6
2024-01-01,25.8,32.7,0.3,15.4,83.0,27.8
2024-01-02,24.3,32.4,6.7,36.8,87.0,26.9
2024-01-03,24.6,33.4,2.8,16.7,81.0,27.9
2024-01-04,24.7,32.9,9.3,7.0,81.0,27.9
2024-01-05,23.9,32.0,7.7,59.0,76.0,28.1
2024-01-06,24.2,32.0,5.5,3.5,86.0,27.3
2024-01-07,25.0,32.8,5.1,21.5,79.0,28.3
2024-01-08,25.5,29.2,7.1,1.0,92.0,26.5
2024-01-09,25.4,32.4,0.0,9.1,78.0,28.1
2024-01-10,25.3,34.0,2.5,0.0,73.0,29.5
2024-01-11,26.3,31.2,8.3,0.0,88.0,26.7
2024-01-12,24.1,33.1,3.2,34.0,78.0,28.5
2024-01-13,25.4,31.3,8.0,3.0,84.0,26.8
2024-01-14,25.0,31.8,0.0,2.8,81.0,27.3
2024-01-15,24.5,31.6,2.9,12.4,76.0,27.9
2024-01-16,24.1,31.6,1.2,0.9,75.0,27.3
2024-01-17,23.3,33.0,0.6,2.5,70.0,28.8
2024-01-18,25.6,33.5,6.0,0.0,70.0,28.7
2024-01-19,24.3,31.1,7.3,35.3,79.0,27.6
2024-01-20,24.4,31.6,0.8,5.5,79.0,27.1
2024-01-21,23.9,31.8,1.8,3.0,78.0,27.1
2024-01-22,24.0,33.8,4.2,0.0,77.0,28.2
2024-01-23,23.6,31.2,7.4,9.0,80.0,26.8
2024-01-24,23.7,29.9,2.1,3.3,80.0,27.0
2024-01-25,24.7,33.5,0.3,2.0999999999999996,77.0,28.0
2024-01-26,25.4,33.9,5.5,0.9,71.0,29.0
2024-01-27,25.4,33.0,8.0,0.0,69.0,28.8
2024-01-28,24.7,33.4,8.7,0.0,70.0,28.6
2024-01-29,25.0,32.2,9.6,0.0,75.0,28.5
2024-01-30,25.4,32.5,6.3,0.0,74.0,29.0
2024-01-31,25.0,31.7,8.6,0.0,85.0,27.3
2024-02-01,24.1,32.1,6.8,8.7,79.0,27.9
2024-02-02,24.1,32.2,4.0,13.6,81.0,27.6
2024-02-03,24.6,32.2,5.2,18.5,87.0,27.1
2024-02-04,25.0,31.5,3.7,10.1,84.0,27.2
2024-02-05,24.0,32.8,2.4,35.5,71.0,28.9
2024-02-06,24.7,32.7,9.7,0.0,77.0,28.2
2024-02-07,23.3,32.2,9.7,61.5,76.0,27.4
2024-02-08,24.5,33.1,4.3,31.0,73.0,29.3
2024-02-09,26.0,31.4,8.9,0.5,89.0,26.5
2024-02-10,24.9,31.6,1.1,18.3,82.0,27.4
2024-02-11,24.9,32.0,1.6,3.2,79.0,27.6
2024-02-12,24.9,32.2,0.4,4.5,80.0,27.2
2024-02-13,24.7,32.8,0.5,4.5,71.0,28.4
2024-02-14,25.1,33.0,4.3,0.0,72.0,28.6
2024-02-15,25.1,32.2,4.1,0.0,71.0,28.6
2024-02-16,25.6,34.471000000000004,4.6,0.0,68.0,28.8
2024-02-17,24.8,34.471000000000004,7.4,0.0,68.0,29.2
2024-02-18,25.4,34.0,9.8,0.0,68.0,29.1
2024-02-19,25.4,33.3,9.0,0.0,71.0,29.3
2024-02-20,25.6,33.4,9.8,0.0,71.0,29.2
2024-02-21,25.7,34.471000000000004,9.5,0.0,70.0,29.672000000000004
2024-02-22,26.3,34.471000000000004,9.7,0.0,68.0,29.672000000000004
2024-02-23,26.2,33.3,9.2,0.0,73.0,29.5
2024-02-24,26.2,34.1,6.8,0.0,76.0,29.5
2024-02-25,24.8,34.471000000000004,8.6,11.0,77.0,28.2
2024-02-26,24.4,30.3,8.5,15.0,89.0,26.6
2024-02-27,24.5,31.9,8.2,8.1,76.0,28.5
2024-02-28,24.8,34.0,7.9,0.0,71.0,29.4
2024-02-29,25.9,34.471000000000004,9.8,0.0,68.0,29.5
2024-03-01,25.7,32.4,9.6,0.0,74.0,28.8
2024-03-02,25.8,33.2,4.1,0.0,76.0,29.0
2024-03-03,26.0,32.4,6.8,0.35,79.0,28.5
2024-03-04,26.0,32.7,4.5,0.7,79.0,28.0
2024-03-05,26.0,32.7,4.9,5.7,85.0,27.7
2024-03-06,25.8,32.9,2.0,10.8,78.0,28.8
2024-03-07,24.8,32.6,8.4,23.0,79.0,28.2
2024-03-08,25.1,33.2,3.5,11.5,77.0,28.7
2024-03-09,25.6,32.6,5.4,0.0,84.0,26.9
2024-03-10,24.9,32.6,1.0,28.4,87.0,26.0
2024-03-11,24.5,32.2,0.0,14.2,72.0,28.6
2024-03-12,24.5,33.1,5.4,0.0,76.0,28.2
2024-03-13,23.8,32.3,6.8,10.7,76.0,28.0
2024-03-14,24.5,33.9,1.5,0.8,71.0,29.1
2024-03-15,25.6,33.9,8.3,0.0,71.0,28.8
2024-03-16,25.0,32.6,5.5,0.0,74.0,28.8
2024-03-17,25.0,32.0,7.5,0.0,74.0,28.3
2024-03-18,25.0,33.5,3.6,0.0,74.0,28.7
2024-03-19,23.2,31.8,6.6,35.1,75.0,28.2
2024-03-20,23.7,32.0,2.3,24.233333333333334,78.0,28.5
2024-03-21,24.7,31.4,4.2,13.366666666666667,76.0,27.7
2024-03-22,24.7,29.6,1.1,2.5,84.0,26.8
2024-03-23,24.3,31.9,2.6,0.3,78.0,28.5
2024-03-24,25.0,33.4,6.4,0.0,70.0,29.3
2024-03-25,25.2,33.9,9.5,0.0,72.0,29.4
2024-03-26,26.0,32.4,9.9,0.0,74.0,29.5
2024-03-27,24.9,32.4,9.6,11.5,78.0,28.2
2024-03-28,24.9,28.0,6.5,14.0,88.0,26.1
2024-03-29,24.3,29.7,0.0,80.21399999999983,91.0,26.4
2024-03-30,24.4,32.1,2.3,2.3,78.0,28.7
2024-03-31,24.8,31.1,10.0,0.0,83.0,27.7
2024-04-01,25.8,30.0,4.4,8.4,85.0,27.2
2024-04-02,25.0,32.4,1.4,4.2,74.0,28.8
2024-04-03,25.1,34.0,7.2,0.0,68.0,29.4
2024-04-04,25.5,34.471000000000004,9.1,0.0,68.0,29.6
2024-04-05,25.5,34.4,10.2,0.0,68.0,29.672000000000004
2024-04-06,25.6,34.471000000000004,10.3,0.0,68.0,29.672000000000004
2024-04-07,26.6,34.471000000000004,9.4,0.0,70.0,29.672000000000004
2024-04-08,25.75,34.471000000000004,8.1,0.0,77.0,28.4
2024-04-09,24.9,34.471000000000004,6.7,10.2,80.0,28.6
2024-04-10,25.1,33.0,3.5,2.1,68.0,29.3
2024-04-11,26.3,33.2,7.8,0.0,72.0,29.3
2024-04-12,25.0,32.6,6.1,0.0,74.0,29.1
2024-04-13,26.1,32.8,7.0,0.0,72.0,29.4
2024-04-14,26.3,32.6,10.2,0.0,74.0,29.3
2024-04-15,26.4,32.1,10.3,0.0,74.0,29.3
2024-04-16,26.5,32.8,0.0,0.0,73.0,29.3
2024-04-17,25.1,33.0,6.2,0.0,72.0,29.672000000000004
2024-04-18,26.2,32.8,10.1,0.0,77.0,28.8
2024-04-19,26.5,33.6,7.5,0.26666666666666666,69.0,29.672000000000004
2024-04-20,26.3,32.0,8.0,0.5333333333333333,77.0,29.1
2024-04-21,26.4,33.8,5.9,0.8,76.0,29.3
2024-04-22,26.3,33.4,7.8,0.4,76.0,29.1
2024-04-23,26.3,33.2,4.8,0.0,79.0,28.8
2024-04-24,25.5,29.4,8.1,7.0,91.0,26.7
2024-04-25,25.3,31.8,1.0,13.5,79.0,28.8
2024-04-26,25.8,33.6,7.9,0.0,80.0,29.1
2024-04-27,26.2,32.3,6.0,0.6,80.0,28.9
2024-04-28,25.7,32.7,6.9,19.0,79.0,28.9
2024-04-29,25.7,30.4,5.3,21.3,87.0,27.4
2024-04-30,25.0,31.9,0.5,10.65,78.0,29.1
2024-05-01,26.7,33.3,9.6,0.0,74.0,29.672000000000004
2024-05-02,26.0,31.9,0.0,10.0,80.0,28.7
2024-05-03,25.0,29.2,5.3,7.9,94.0,26.0
2024-05-04,24.8,32.3,0.0,11.9,76.0,29.0
2024-05-05,24.9,30.6,4.8,21.3,84.0,27.5
2024-05-06,24.9,31.9,1.8,6.0,77.0,28.7
2024-05-07,24.8,33.0,4.9,3.0,74.0,29.672000000000004
2024-05-08,26.7,32.1,6.6,0.0,78.0,28.6
2024-05-09,26.3,32.0,3.1,2.6999999999999997,81.0,27.6
2024-05-10,25.8,32.1,1.0,5.3999999999999995,77.0,29.3
2024-05-11,25.8,32.3,10.5,8.1,82.0,28.7
2024-05-12,25.9,30.1,4.2,4.4,89.0,26.9
2024-05-13,24.7,32.3,0.3,18.0,76.0,29.5
2024-05-14,26.3,32.3,10.1,9.0,77.0,29.5
2024-05-15,26.3,32.1,8.0,3.7,76.0,29.672000000000004
2024-05-16,27.0937,32.6,4.1,0.0,76.0,29.4
2024-05-17,25.2,31.3,8.1,1.6,80.0,27.9
2024-05-18,25.2,32.8,3.2,0.8,78.0,29.2
2024-05-19,24.8,32.8,6.5,68.5,80.0,29.1
2024-05-20,25.1,29.8,3.2,11.0,87.0,27.6
2024-05-21,24.1,32.3,2.2,50.3,80.0,28.9
2024-05-22,25.4,31.5,3.9,26.1,81.0,28.7
2024-05-23,25.8,31.1,5.6,10.6,81.0,28.1
2024-05-24,26.2,32.1,0.8,0.0,77.0,29.4
2024-05-25,25.0,31.9,6.7,3.5,77.0,29.6
2024-05-26,25.35,31.15,7.9,7.0,95.0,28.1
2024-05-27,25.7,30.4,0.0,43.2,91.0,26.6
2024-05-28,24.2,31.6,1.0,47.5,84.0,28.4
2024-05-29,26.7,33.0,4.1,4.0,83.0,28.5
2024-05-30,25.3,31.6,6.0,8.0,81.0,29.0
2024-05-31,26.4,32.9,6.5,0.0,79.0,29.1
2024-06-01,25.6,32.9,6.4,3.0,84.0,28.3
2024-06-02,25.2,29.9,1.3,38.8,91.0,26.6
2024-06-03,24.9,31.4,1.8,20.3,78.0,28.5
2024-06-04,24.2,29.3,7.6,68.0,84.0,27.0
2024-06-05,24.1,31.7,0.3,0.8,82.0,28.0
2024-06-06,24.450000000000003,29.8,2.8,11.0,84.0,27.2
2024-06-07,24.8,31.3,0.0,14.0,86.0,27.2
2024-06-08,24.7,31.6,0.0,17.0,79.0,28.2
2024-06-09,26.1,30.2,7.3,0.0,84.0,27.8
2024-06-10,24.5,32.2,1.5,9.7,78.0,27.9
2024-06-11,25.4,32.2,7.1,0.0,86.0,26.8
2024-06-12,25.2,31.7,0.0,3.6,78.0,28.5
2024-06-13,24.7,28.9,4.7,27.5,85.0,26.3
2024-06-14,25.0,29.6,0.0,2.7,84.0,27.1
2024-06-15,25.0,30.7,1.3,1.1,81.0,27.6
2024-06-16,24.5,31.1,2.5,12.8,81.0,28.1
2024-06-17,24.5,31.8,5.7,24.15,82.0,27.9
2024-06-18,24.7,31.3,3.2,35.5,82.0,27.6
2024-06-19,24.6,28.7,5.5,5.0,88.0,26.0
2024-06-20,24.9,31.2,0.0,7.2,73.0,28.8
2024-06-21,25.4,31.2,7.1,0.0,75.0,28.2
2024-06-22,25.7,30.6,2.7,0.3,80.0,27.6
2024-06-23,23.8,30.1,2.5,35.0,86.0,26.6
2024-06-24,24.4,28.5,3.0,11.4,88.0,25.8
2024-06-25,24.7,30.8,0.0,0.2,77.0,27.8
2024-06-26,25.0,31.6,2.8,0.0,76.0,28.8
2024-06-27,25.5,31.8,7.5,0.0,77.0,29.2
2024-06-28,26.3,31.1,9.8,0.0,82.0,27.4
2024-06-29,24.1,30.0,2.0,33.9,82.0,27.5
2024-06-30,24.1,30.1,1.0,22.1,84.0,27.3
2024-07-01,25.6,30.1,2.7,1.7,84.0,27.2
2024-07-02,24.950000000000003,29.4,0.0,1.0,94.0,26.549999999999997
2024-07-03,24.3,28.7,0.0,28.8,86.0,25.9
2024-07-04,24.3,31.7,0.0,3.3,78.0,28.1
2024-07-05,25.4,31.7,4.2,0.0,78.0,28.1
2024-07-06,23.9,30.9,6.9,34.8,78.0,28.2
2024-07-07,23.9,28.9,8.3,2.8,94.0,25.427999999999997
2024-07-08,23.549999999999997,29.2,4.15,16.0,94.5,25.427999999999997
2024-07-09,23.2,28.6,0.0,29.2,95.0,25.427999999999997
2024-07-10,23.0684,30.7,0.0,17.8,86.0,27.1
2024-07-11,24.7,30.8,5.2,0.0,79.0,27.6
2024-07-12,25.9,29.8,3.6,0.0,79.0,27.0
2024-07-13,25.8,28.0,5.0,0.0,77.0,26.7
2024-07-14,25.2,30.9,0.0,0.0,82.0,27.2
2024-07-15,24.8,31.0,8.0,0.0,78.0,27.8
2024-07-16,24.7,30.4,8.0,26.8,83.0,28.1
2024-07-17,24.7,30.3,5.4,13.4,80.0,27.8
2024-07-18,25.8,30.6,5.1,0.0,73.0,28.3
2024-07-19,24.3,30.5,2.5,0.0,79.0,27.3
2024-07-20,26.4,31.2,8.0,0.0,79.0,27.8
2024-07-21,26.3,30.6,7.5,6.55,80.0,28.3
2024-07-22,25.6,29.5,4.7,13.1,90.0,27.3
2024-07-23,25.0,31.3,0.5,1.6,83.0,27.8
2024-07-24,26.7,31.1,3.6,0.0,81.0,28.3
2024-07-25,25.2,30.3,7.7,32.0,89.0,26.6
2024-07-26,24.7,31.8,5.1,16.0,81.0,28.1
2024-07-27,26.1,31.0,8.0,0.0,80.0,28.1
2024-07-28,25.6,31.7,8.0,0.0,80.0,28.0
2024-07-29,26.7,31.5,8.0,0.0,79.0,28.6
2024-07-30,27.0937,31.5,8.0,0.0,79.0,28.5
2024-07-31,25.4,31.4,7.8,3.6,81.0,28.0
2024-08-01,25.7,30.8,5.7,0.0,79.0,28.6
2024-08-02,26.5,29.3,8.0,10.9,89.0,27.1
2024-08-03,25.1,29.5,0.3,21.8,86.0,27.1
2024-08-04,25.0,30.4,0.0,4.0,83.0,27.7
2024-08-05,23.7,30.6,5.2,80.21399999999983,82.0,27.0
2024-08-06,24.4,28.5,1.7,1.4,90.0,25.7
2024-08-07,24.4,28.9,0.2,10.7,95.0,25.427999999999997
2024-08-08,23.4,30.4,0.5,59.9,82.0,26.2
2024-08-09,23.5,30.1,4.3,80.21399999999983,86.0,26.5
2024-08-10,23.3,31.3,3.8,19.0,79.0,27.4
2024-08-11,25.6,30.3,8.0,0.0,76.0,27.6
2024-08-12,24.9,29.7,6.5,0.2,84.0,26.3
2024-08-13,25.0,30.0,1.3,5.65,82.0,27.4
2024-08-14,25.4,29.2,1.0,11.1,92.0,26.3
2024-08-15,24.4,28.1,1.1,0.7,95.0,26.1
2024-08-16,24.0,30.0,0.0,80.21399999999983,82.0,27.3
2024-08-17,25.0,30.2,5.4,42.80699999999992,85.0,26.6
2024-08-18,24.7,29.2,8.0,5.4,87.0,26.8
2024-08-19,24.7,29.4,4.4,29.5,87.0,27.0
2024-08-20,24.1,29.7,0.0,58.5,82.0,27.2
2024-08-21,25.6,28.4,0.0,13.1,90.0,26.6
2024-08-22,24.9,27.2729,2.1,2.5,94.0,25.7
2024-08-23,24.0,30.8,0.0,7.0,84.0,27.0
2024-08-24,24.7,28.0,7.3,1.1,84.0,26.2
2024-08-25,24.6,28.0,0.1,12.6,91.0,25.6
2024-08-26,24.2,30.0,0.0,25.2,82.0,27.3
2024-08-27,24.7,28.3,4.7,52.0,95.0,25.427999999999997
2024-08-28,24.1,29.6,0.0,59.1,91.0,26.4
2024-08-29,24.8,31.2,5.4,0.3,82.0,27.5
2024-08-30,24.7,29.8,7.1,0.6,82.0,26.9
2024-08-31,25.1,31.4,0.0,7.8,82.0,28.0
2024-09-01,24.1,31.5,8.0,15.0,80.0,27.6
2024-09-02,25.1,31.2,4.2,9.5,83.0,27.7
2024-09-03,25.6,31.3,8.0,0.8,75.0,28.3
2024-09-04,25.8,31.9,8.0,0.0,82.0,28.5
2024-09-05,24.7,31.8,0.5,0.7,78.0,27.3
2024-09-06,25.1,31.4,8.0,6.6,84.0,27.3
2024-09-07,24.9,31.3,5.0,0.1,82.0,28.2
2024-09-08,25.0,30.3,6.3,2.9,87.0,27.5
2024-09-09,25.8,31.9,2.4,0.9,82.0,27.9
2024-09-10,26.0,31.3,8.0,0.0,73.0,28.4
2024-09-11,26.0,31.9,7.7,0.0,75.0,28.1
2024-09-12,24.8,31.9,8.0,0.0,70.0,27.9
2024-09-13,25.6,31.7,8.0,0.0,73.0,28.3
2024-09-14,25.3,32.1,8.0,0.0,68.0,27.8
2024-09-15,25.6,31.0,8.0,0.0,68.0,28.7
2024-09-16,25.4,31.3,8.0,0.0,71.0,28.7
2024-09-17,25.6,31.5,8.0,0.0,76.0,28.1
2024-09-18,25.9,31.4,8.0,0.0,78.0,28.4
2024-09-19,26.4,32.3,6.6,0.0,77.0,28.4
2024-09-20,26.1,32.4,6.3,0.0,75.0,28.6
2024-09-21,26.2,31.3,6.4,0.0,80.0,28.6
2024-09-22,26.1,32.7,0.3,0.0,79.0,28.9
2024-09-23,26.4,33.2,7.2,0.0,78.0,28.4
2024-09-24,25.7,33.8,8.0,0.0,74.0,29.3
2024-09-25,26.6,30.4,8.0,0.1,79.0,28.4
2024-09-26,24.3,32.4,0.0,6.5,84.0,27.8
2024-09-27,23.8,31.1,6.8,45.4,84.0,26.7
2024-09-28,24.8,32.2,3.0,1.9,77.0,28.6
2024-09-29,25.9,32.2,8.0,0.0,81.0,28.5
2024-09-30,24.3,28.6,8.0,63.5,93.0,26.4
2024-10-01,24.0,31.9,0.0,28.0,79.0,28.2
2024-10-02,25.9,30.9,1.8,18.933333333333334,81.0,28.0
2024-10-03,25.4,30.2,4.2,9.866666666666667,85.0,26.8
2024-10-04,24.9,32.8,0.8,0.8,81.0,28.0
2024-10-05,25.4,31.3,5.5,0.6,79.0,27.8
2024-10-06,25.7,31.5,2.1,2.1,81.0,27.9
2024-10-07,25.8,31.4,5.3,5.7,82.0,27.8
2024-10-08,26.6,31.3,3.7,15.900000000000002,75.0,28.4
2024-10-09,24.7,32.1,1.1,26.1,81.0,27.8
2024-10-10,24.6,31.4,8.0,20.0,86.0,26.8
2024-10-11,24.8,31.9,2.3,4.8,80.0,28.0
2024-10-12,25.0,32.9,8.0,0.0,80.0,28.8
2024-10-13,26.6,31.5,8.0,5.0,80.0,27.6
2024-10-14,25.0,30.6,0.8,10.0,85.0,27.3
2024-10-15,25.1,32.4,2.7,11.633333333333333,83.0,28.0
2024-10-16,24.9,32.6,6.7,13.266666666666667,71.0,28.8
2024-10-17,25.2,30.0,8.0,14.9,87.0,26.9
2024-10-18,25.4,29.2,4.3,0.0,80.0,26.8
2024-10-19,26.0,31.4,0.0,0.0,77.0,27.8
2024-10-20,25.6,32.1,4.5,0.0,78.0,28.4
2024-10-21,25.2,29.3,5.8,0.0,74.0,27.3
2024-10-22,25.1,31.8,0.4,1.4,75.0,28.7
2024-10-23,23.9,31.4,7.0,23.1,79.0,29.1
2024-10-24,26.3,32.4,4.2,0.0,78.0,29.1
2024-10-25,27.0937,31.8,8.0,0.0,76.0,29.2
2024-10-26,26.6,32.9,7.9,0.0,74.0,29.672000000000004
2024-10-27,24.8,32.4,7.6,0.0,75.0,29.5
2024-10-28,25.8,32.5,4.7,0.0,78.0,29.1
2024-10-29,23.9,32.3,8.0,59.9,81.0,28.2
2024-10-30,26.3,32.3,8.0,2.4,75.0,29.1
2024-10-31,24.0,31.6,8.0,0.0,83.0,28.3
2024-11-01,25.1,31.5,4.6,9.5,78.0,27.9
2024-11-02,25.4,33.0,4.9,11.7,77.0,28.5
2024-11-03,24.1,31.5,6.5,13.9,86.0,26.4
2024-11-04,24.8,32.5,5.0,0.0,74.0,28.2
2024-11-05,24.7,32.5,8.0,11.3,76.0,28.5
2024-11-06,24.9,31.8,7.5,0.0,81.0,27.9
2024-11-07,25.3,31.9,4.5,3.1,81.0,27.8
2024-11-08,24.8,33.1,5.3,12.7,80.0,29.0
2024-11-09,25.4,32.7,8.0,2.5,82.0,28.6
2024-11-10,26.2,32.2,5.8,16.96666666666667,76.0,28.8
2024-11-11,26.0,29.9,6.3,31.433333333333334,84.0,27.3
2024-11-12,24.7,32.2,0.0,45.9,83.0,28.2
2024-11-13,25.5,33.1,8.0,0.0,76.0,29.0
2024-11-14,25.8,32.4,8.0,1.1,77.0,28.6
2024-11-15,25.2,32.8,4.6,1.4,76.0,28.8
2024-11-16,25.5,32.7,7.5,0.7,78.0,28.8
2024-11-17,25.4,32.6,4.4,0.0,82.0,28.2
2024-11-18,25.4,32.0,2.8,0.6,85.0,26.9
2024-11-19,24.4,30.4,0.5,55.9,86.0,27.3
2024-11-20,25.0,29.6,2.5,38.53333333333333,80.0,27.2
2024-11-21,25.5,31.9,0.0,21.166666666666664,88.0,27.8
2024-11-22,25.4,31.4,3.6,3.8,87.0,27.6
2024-11-23,25.0,29.6,5.1,14.0,83.0,27.6
2024-11-24,25.1,31.7,0.8,1.5,81.0,28.0
2024-11-25,25.4,31.1,3.8,8.8,85.0,27.8
2024-11-26,24.2,32.9,1.8,0.3,80.0,27.8
2024-11-27,25.0,32.3,5.1,25.55,78.0,28.5
2024-11-28,24.2,32.2,4.8,50.8,86.0,27.1
2024-11-29,24.8,32.7,1.9,5.0,77.0,28.5
2024-11-30,25.0,30.7,6.0,2.4,88.0,26.7
2024-12-01,24.2,28.7,2.3,37.2,92.0,26.0
2024-12-02,24.9,32.2,0.0,4.1,85.0,28.1
2024-12-03,25.7,30.9,5.9,1.2,95.0,26.1
2024-12-04,24.8,32.4,0.3,38.1,75.0,28.4
2024-12-05,25.7,30.4,6.2,0.7,74.0,27.4
2024-12-06,24.0,32.1,0.4,0.8,71.0,27.8
2024-12-07,23.8,31.9,3.4,5.0,82.0,27.3
2024-12-08,24.2,33.6,6.3,0.2,74.0,28.3
2024-12-09,25.4,30.5,8.0,0.0,78.0,27.9
2024-12-10,25.8,32.2,0.9,0.0,78.0,28.6
2024-12-11,24.5,31.1,1.5,2.0,83.0,27.3
2024-12-12,25.0,31.9,0.4,10.9,82.0,27.7
2024-12-13,24.8,29.4,2.7,49.2,90.0,26.5
2024-12-14,25.0,31.4,0.0,4.1,81.0,28.4
2024-12-15,23.6,30.3,4.0,14.0,85.0,26.4
2024-12-16,24.0,27.8,0.8,4.5,89.0,26.2
2024-12-17,23.8,29.8,0.0,2.7,88.0,26.8
2024-12-18,24.2,32.5,0.2,2.4,76.0,28.5
2024-12-19,25.5,32.0,8.0,1.2,79.0,27.5
2024-12-20,25.4,32.8,1.1,8.6,79.0,28.3
2024-12-21,24.7,32.7,6.7,16.0,83.0,28.0
2024-12-22,23.4,31.8,7.5,73.3,90.0,26.3
2024-12-23,24.1,31.5,3.6,4.8,80.0,28.0
2024-12-24,24.8,32.7,2.7,18.6,80.0,28.1
2024-12-25,25.2,30.3,5.3,0.2,78.0,27.1
2024-12-26,25.6,31.1,0.2,0.8,81.0,27.7
2024-12-27,24.6,31.9,2.3,4.9,80.0,27.8
2024-12-28,24.8,33.1,1.8,0.0,83.0,27.9
2024-12-29,24.4,32.4,5.6,15.2,80.0,27.6
2024-12-30,23.9,31.5,3.9,8.1,75.0,27.3
2024-12-31,24.1,31.2,3.0,8.2,83.0,27.4
2025-01-01,24.4,28.9,1.8,42.0,91.0,26.2
2025-01-02,23.9,28.5,0.0,3.2,91.0,25.8
2025-01-03,24.4,32.5,0.0,35.4,88.0,26.6
2025-01-04,24.4,30.7,8.0,10.9,82.0,27.1
2025-01-05,24.2,31.9,1.0,0.0,84.0,27.2
2025-01-06,25.2,31.7,6.5,5.3,77.0,27.9
2025-01-07,25.8,30.5,3.6,0.0,86.0,27.5
2025-01-08,24.4,29.2,1.5,8.7,86.0,26.3
2025-01-09,23.1,29.2,0.0,56.2,91.0,25.6
2025-01-10,24.4,32.1,1.1,3.3,80.0,27.9
2025-01-11,24.4,33.0,8.0,1.5,84.0,27.2
2025-01-12,25.0,33.3,8.0,0.0,75.0,28.5
2025-01-13,24.5,30.8,7.8,21.9,89.0,26.7
2025-01-14,24.0,32.3,0.4,9.5,90.0,26.6
2025-01-15,24.1,31.1,4.8,80.21399999999983,88.0,26.4
2025-01-16,24.4,33.6,1.2,18.3,80.0,27.8
2025-01-17,24.4,32.3,8.0,0.3,79.0,27.8
2025-01-18,25.4,33.4,6.2,0.0,74.0,28.4
2025-01-19,25.7,31.9,7.6,10.3,83.0,27.3
2025-01-20,23.4,32.1,2.4,20.6,80.0,26.9
2025-01-21,23.9,30.9,7.2,13.9,87.0,26.6
2025-01-22,23.9,31.0,6.7,43.0,84.0,27.1
2025-01-23,23.7,32.1,3.9,13.5,80.0,27.6
2025-01-24,23.8,31.0,2.7,58.5,89.0,26.1
2025-01-25,24.4,32.3,1.5,0.4,81.0,27.6
2025-01-26,25.4,28.8,6.1,0.0,88.0,25.9
2025-01-27,23.2,32.0,7.0,24.3,80.0,27.1
2025-01-28,24.6,32.1,5.2,1.5,83.0,27.1
2025-01-29,24.5,28.9,0.9,11.2,92.0,26.0
2025-01-30,24.3,29.6,0.5,28.5,87.0,26.2
2025-01-31,24.3,30.4,0.3,2.5,85.0,26.8
2025-02-01,25.0,30.3,0.5,0.0,81.0,26.9
2025-02-02,25.2,32.4,0.4,0.0,76.0,28.2
2025-02-03,26.4,33.7,6.5,0.0,78.0,28.3
2025-02-04,24.7,33.3,3.1,0.0,73.0,28.6
2025-02-05,25.4,33.5,7.0,0.0,75.0,28.7
2025-02-06,25.1,30.3,8.0,0.2,78.0,28.0
2025-02-07,25.8,30.7,0.0,0.4,82.0,27.5
2025-02-08,23.8,33.0,0.6,12.0,85.0,27.2
2025-02-09,25.4,32.2,6.6,10.2,79.0,28.6
2025-02-10,24.6,32.6,4.3,1.7,81.0,27.6
2025-02-11,25.7,32.8,5.7,1.6,79.0,28.3
2025-02-12,24.1,31.4,7.8,1.5,77.0,27.5
2025-02-13,24.8,32.4,1.8,0.1,81.0,27.2
2025-02-14,24.8,33.1,3.0,1.7,79.0,27.7
2025-02-15,25.5,32.9,2.7,0.0,80.0,28.2
2025-02-16,25.1,31.7,8.0,16.0,88.0,27.2
2025-02-17,24.1,29.5,3.8,32.1,85.0,26.3
2025-02-18,24.1,31.1,1.7,47.95,90.0,26.1
2025-02-19,23.0684,32.0,2.3,63.8,83.0,26.9
2025-02-20,23.2,28.6,8.0,32.5,81.0,26.3
2025-02-21,23.7,31.8,1.3,1.2,79.0,28.0
2025-02-22,24.8,31.0,6.5,10.0,83.0,27.5
2025-02-23,25.0,29.4,2.8,2.9,88.0,25.7
2025-02-24,24.4,31.3,0.0,0.9,83.0,26.7
2025-02-25,24.4,32.4,1.4,0.4,83.0,27.3
2025-02-26,24.4,32.1,6.3,2.6,81.0,27.3
2025-02-27,24.6,31.1,4.2,5.233333333333333,84.0,27.2
2025-02-28,24.6,32.2,1.4,7.866666666666667,82.0,27.7
2025-03-01,24.5,32.5,5.3,10.5,81.0,28.2
2025-03-02,25.2,31.6,5.0,0.0,80.0,27.7
2025-03-03,24.9,32.7,0.6,3.75,82.0,28.4
2025-03-04,25.2,32.2,4.2,7.5,83.0,28.2
2025-03-05,25.6,29.8,2.0,9.8,89.0,27.3
2025-03-06,25.2,32.3,0.2,0.2,85.0,27.2
2025-03-07,23.6,31.6,7.3,80.21399999999983,86.0,26.3
2025-03-08,24.1,31.8,3.1,16.8,86.0,26.2
2025-03-09,24.8,33.1,0.2,30.9,79.0,28.2
2025-03-10,25.2,33.7,8.0,45.0,71.0,28.7
2025-03-11,23.4,32.8,6.2,59.1,84.0,26.6
2025-03-12,23.6,31.5,4.0,5.4,83.0,26.9
2025-03-13,24.8,31.0,2.3,3.25,85.0,27.2
2025-03-14,25.1,32.5,3.3,1.1,82.0,27.6
2025-03-15,25.2,31.9,6.1,0.0,89.0,27.0
2025-03-16,24.0,30.9,3.6,27.8,81.0,26.9
2025-03-17,23.9,28.3,2.4,28.1,90.0,25.5
2025-03-18,23.6,32.8,0.0,6.4,79.0,27.6
2025-03-19,24.0,31.8,8.0,55.7,89.0,26.5
2025-03-20,24.0,27.4,6.6,4.1,91.0,25.7
2025-03-21,24.4,31.9,0.0,9.8,81.0,27.0
2025-03-22,24.8,30.4,0.1,2.5,90.0,26.6
2025-03-23,24.0,32.0,2.1,15.0,82.0,27.2
2025-03-24,23.2,32.2,6.0,3.9,79.0,27.6
2025-03-25,24.0,31.5,4.8,3.2,81.0,27.2
2025-03-26,26.0,32.9,4.6,0.1,82.0,28.5
2025-03-27,26.2,32.8,6.9,0.0,83.0,28.9
2025-03-28,26.3,33.3,8.0,5.25,85.0,28.1
2025-03-29,23.0684,32.6,7.8,10.5,80.0,28.4
2025-03-30,24.8,28.2,6.2,2.7,88.0,26.0
2025-03-31,24.7,32.4,0.0,0.1,78.0,27.9
2025-04-01,24.3,29.3,7.3,19.4,87.0,26.2
2025-04-02,24.1,31.3,0.0,2.5,82.0,27.6
2025-04-03,24.2,32.1,7.0,3.15,84.0,26.9
2025-04-04,24.3,31.9,6.2,3.8,79.0,27.1
2025-04-05,23.4,30.0,2.3,24.0,84.0,26.3
2025-04-06,23.8,28.4,0.0,16.0,81.0,26.6
2025-04-07,25.0,32.4,0.1,8.0,80.0,28.2
2025-04-08,25.1,33.0,8.0,0.0,78.0,28.6
2025-04-09,24.8,31.7,6.9,14.0,83.0,27.3
2025-04-10,25.2,32.3,2.5,0.4,80.0,28.1
2025-04-11,24.6,29.4,5.8,4.1,95.0,25.427999999999997
2025-04-12,23.7,32.5,0.0,17.4,83.0,27.7
2025-04-13,24.2,32.3,8.0,0.8,82.0,27.8
2025-04-14,25.7,32.4,4.2,7.4,85.0,28.2
2025-04-15,24.8,28.5,7.8,3.5,89.0,26.0
2025-04-16,24.9,32.7,0.0,4.5,82.0,28.4
2025-04-17,25.1,32.3,8.0,2.0,84.0,27.4
2025-04-18,23.0684,31.0,3.2,18.2,89.0,26.5
2025-04-19,24.1,30.3,0.3,1.3,84.0,28.1
2025-04-20,25.4,33.1,8.0,0.0,77.0,29.0
2025-04-21,23.3,31.8,8.0,56.5,82.0,26.9
2025-04-22,23.9,30.9,5.1,0.0,82.0,27.6
2025-04-23,24.7,32.8,0.7,0.0,78.0,28.2
2025-04-24,25.8,32.0,3.6,0.0,83.0,27.6
2025-04-25,23.6,31.8,0.5,13.0,86.0,27.3
2025-04-26,24.6,32.4,1.7,22.1,79.0,28.0
2025-04-27,24.6,30.8,2.6,51.5,86.0,27.1
2025-04-28,24.4,31.9,0.3,4.0,84.0,27.3
2025-04-29,24.9,30.7,3.4,2.0,95.0,26.2
2025-04-30,24.4,31.8,1.1,4.7,84.0,27.3
2025-05-01,25.8,32.3,6.7,0.0,82.0,28.2
2025-05-02,25.7,31.7,5.4,5.3,83.0,27.6
2025-05-03,24.8,32.4,0.8,0.0,82.0,28.5
2025-05-04,24.6,32.8,8.0,0.0,77.0,28.9
2025-05-05,25.4,31.7,8.0,1.0,78.0,28.4
2025-05-06,24.1,32.6,5.8,42.0,80.0,28.5
2025-05-07,24.7,32.0,7.5,21.0,75.0,28.0
2025-05-08,24.4,33.1,6.0,0.0,73.0,29.3
2025-05-09,26.9,30.2,8.0,0.0,80.0,28.2
2025-05-10,24.2,32.1,0.9,2.3,79.0,28.5
2025-05-11,25.8,33.0,3.2,0.3,81.0,28.9
2025-05-12,24.3,29.7,7.5,25.0,95.0,25.6
2025-05-13,24.7,32.4,0.0,7.4,82.0,28.5
2025-05-14,24.2,31.7,7.6,20.5,86.0,27.1
2025-05-15,24.4,32.9,5.0,10.25,84.0,28.7
2025-05-16,25.9,33.1,8.0,0.0,74.0,29.1
2025-05-17,24.5,32.4,8.0,19.5,86.0,27.2
2025-05-18,24.3,32.6,1.9,5.7,86.0,27.5
2025-05-19,24.8,32.2,8.0,0.0,81.0,28.2
2025-05-20,25.1,29.7,7.5,0.8,88.0,26.9
2025-05-21,25.5,28.9,0.0,11.0,92.0,27.0
2025-05-22,23.8,32.9,0.0,1.0,85.0,28.1
2025-05-23,23.0684,32.8,4.5,10.0,83.0,27.2
2025-05-24,23.5,32.8,4.1,0.6,85.0,28.7
2025-05-25,25.6,32.8,7.8,0.3,79.0,28.8
2025-05-26,26.2,32.8,8.0,0.0,79.0,29.0
2025-05-27,25.3,30.3,6.1,6.0,94.0,25.8
2025-05-28,23.5,31.9,0.0,53.2,87.0,27.6
2025-05-29,26.0,33.0,8.0,0.0,80.0,29.1
2025-05-30,23.9,32.4,8.0,23.0,81.0,27.9
2025-05-31,24.4,31.6,6.8,12.5,91.0,26.9
2025-06-01,24.2,27.9,2.2,50.7,95.0,25.6
2025-06-02,24.7,29.1,0.0,3.3,90.0,25.427999999999997
2025-06-03,23.0684,30.7,0.0,31.4,85.0,27.3
2025-06-04,25.6,33.1,0.0,0.0,86.0,27.8
2025-06-05,24.4,32.3,6.2,0.5,82.0,28.3
2025-06-06,25.9,32.4,8.0,0.0,79.0,28.5
2025-06-07,25.4,31.7,7.5,0.0,76.0,28.3
2025-06-08,26.0,31.9,1.5,0.0,78.0,28.4
2025-06-09,24.3,32.3,4.0,0.0,79.0,28.3
2025-06-10,25.6,31.5,8.0,1.0,80.0,28.4
2025-06-11,24.2,32.4,5.4,59.5,89.0,27.1
2025-06-12,25.3,30.4,2.0,1.6,83.0,28.2
2025-06-13,25.2,33.0,0.0,2.2,80.0,28.6
2025-06-14,26.2,29.7,8.0,0.0,90.0,26.5
2025-06-15,25.3,31.1,0.2,4.5,84.0,28.0
2025-06-16,25.4,31.6,5.1,7.0,84.0,28.1
2025-06-17,25.2,31.0,7.6,9.5,85.0,27.8
2025-06-18,24.7,31.4,7.1,6.0,85.0,27.7
2025-06-19,24.1,28.2,3.5,13.9,90.0,25.6
2025-06-20,23.1,27.3,0.2,80.21399999999983,84.0,25.427999999999997
2025-06-21,23.4,31.2,0.0,0.4,81.0,27.1
2025-06-22,23.7,30.7,3.3,9.7,80.0,26.9
2025-06-23,24.3,31.0,1.9,4.85,84.0,27.2
2025-06-24,24.8,29.3,8.0,0.0,83.0,26.4
2025-06-25,24.8,30.7,0.8,0.5,83.0,27.4
2025-06-26,24.5,30.7,4.6,1.0,86.0,27.1
2025-06-27,25.4,31.3,3.0,0.7,86.0,27.7
2025-06-28,25.8,31.0,2.7,0.4,84.0,27.2
2025-06-29,24.8,30.4,3.6,0.1,83.0,27.1
2025-06-30,25.2,30.0,4.8,0.7999999999999999,86.0,25.6
2025-07-01,23.5,31.3,0.0,1.5,85.0,27.2
2025-07-02,23.0684,30.6,8.0,17.5,82.0,26.7
2025-07-03,24.5,31.4,7.6,8.75,81.0,27.5
2025-07-04,24.8,31.0,8.0,0.0,83.0,26.8
2025-07-05,24.0,29.4,5.5,0.0,85.0,26.7
2025-07-06,25.0,30.7,0.5,1.0,83.0,27.8
2025-07-07,24.1,28.9,8.0,3.8,88.0,25.9
2025-07-08,23.9,30.9,0.0,5.3,82.0,26.7
2025-07-09,24.3,30.8,6.4,0.0,82.0,27.8
2025-07-10,25.3,30.0,8.0,5.0,84.0,27.1
2025-07-11,24.2,30.2,2.2,10.0,88.0,26.7
2025-07-12,24.7,31.3,2.1,6.5,88.0,26.7
2025-07-13,23.7,31.3,1.5,3.0,85.0,27.4
2025-07-14,25.1,31.7,7.1,0.0,86.0,28.3
2025-07-15,24.5,28.8,6.4,7.0,94.0,25.5
2025-07-16,24.0,30.4,0.0,57.3,86.0,27.1
2025-07-17,23.5,28.1,2.3,16.7,95.0,25.427999999999997
2025-07-18,24.0,29.4,0.0,20.4,83.0,26.8
2025-07-19,25.1,30.1,5.5,10.2,77.0,26.9
2025-07-20,25.0,30.1,5.0,0.0,79.0,26.9
2025-07-21,24.2,30.3,8.0,0.0,81.0,26.6
2025-07-22,24.1,30.7,8.0,0.0,83.0,27.4
2025-07-23,25.1,31.3,8.0,0.0,86.0,27.9
2025-07-24,26.2,31.4,8.0,0.0,86.0,28.3
2025-07-25,26.4,31.8,8.0,0.0,84.0,28.6
2025-07-26,26.0,31.6,8.0,0.0,82.0,28.7
2025-07-27,24.6,32.6,8.0,0.0,76.0,28.2
2025-07-28,25.8,31.6,0.0,0.0,83.0,28.1
2025-07-29,26.4,31.4,8.0,0.0,84.0,27.8
2025-07-30,25.7,31.7,7.3,0.0,83.0,28.0
2025-07-31,25.7,30.8,8.0,0.0,86.0,27.9
2025-08-01,25.9,32.2,4.3,0.0,78.0,29.2
2025-08-02,26.8,31.1,8.0,0.0,83.0,28.1
2025-08-03,26.2,30.8,6.2,1.2,87.0,27.1
2025-08-04,24.4,29.5,2.3,28.0,88.0,26.5
2025-08-05,25.1,30.6,1.8,5.0,83.0,27.4
2025-08-06,25.0,30.4,5.3,2.8,83.0,27.4
2025-08-07,24.9,31.3,0.8,0.7,84.0,27.4
2025-08-08,24.7,31.1,4.3,2.6333333333333333,85.0,27.6
2025-08-09,25.3,29.4,5.7,4.566666666666666,89.0,26.3
2025-08-10,24.4,27.2729,1.4,6.5,89.0,25.9
2025-08-11,23.7,30.9,0.0,4.0,85.0,26.8
2025-08-12,24.7,29.7,8.0,36.0,86.0,26.5
2025-08-13,23.0684,29.9,0.0,68.0,83.0,26.0
2025-08-14,23.7,30.0,0.5,2.2,87.0,25.6
2025-08-15,23.4,30.7,2.5,3.95,86.0,26.0
2025-08-16,24.4,30.4,5.3,5.7,84.0,27.1
2025-08-17,25.3,28.5,4.7,0.0,89.0,25.9
2025-08-18,24.6,31.0,0.0,7.1,85.0,27.1
2025-08-19,24.7,31.2,5.0,1.0,86.0,27.0
2025-08-20,23.3,29.9,4.7,40.3,87.0,26.5
2025-08-21,24.0,29.5,6.3,1.0,80.0,26.3
2025-08-22,24.6,30.7,0.9,0.5,83.0,27.1
2025-08-23,25.0,30.4,3.3,0.0,84.0,27.3
2025-08-24,25.7,30.0,3.1,1.6,85.0,26.6
2025-08-25,23.8,30.1,0.1,3.2,80.0,27.0
2025-08-26,23.1,29.8,1.5,4.0,86.0,26.1
2025-08-27,24.0,29.8,3.0,2.0,84.0,26.7
2025-08-28,24.5,29.1,2.1,0.0,84.0,27.0
2025-08-29,23.5,31.0,0.2,5.766666666666667,82.0,27.4
2025-08-30,24.3,29.4,8.0,11.533333333333333,84.0,27.1
2025-08-31,23.2,28.2,1.3,17.3,92.0,25.6
2025-09-01,23.4,30.5,0.0,48.0,83.0,27.0
2025-09-02,25.3,31.6,8.0,0.0,82.0,28.0
2025-09-03,24.1,31.1,6.6,13.0,86.0,26.9
2025-09-04,24.5,31.6,5.5,0.0,75.0,27.9
2025-09-05,24.2,29.4,5.5,5.0,89.0,26.0
2025-09-06,23.0684,29.2,0.0,80.21399999999983,89.0,25.8
2025-09-07,24.2,28.9,0.0,0.2,87.0,26.8
2025-09-08,24.3,29.9,0.0,5.2,87.0,27.0
2025-09-09,24.9,27.7,0.0,8.0,90.0,26.3
2025-09-10,24.1,31.4,0.1,10.8,87.0,27.3
2025-09-11,24.4,30.9,3.9,6.8500000000000005,86.0,26.7
2025-09-12,24.8,30.7,2.7,2.9,86.0,27.1
2025-09-13,23.2,30.8,6.1,80.21399999999983,87.0,27.3
2025-09-14,23.3,28.6,0.0,27.2,86.0,26.5
2025-09-15,24.8,30.4,2.0,1.5,86.0,26.7
2025-09-16,24.6,28.6,2.1,2.0,88.0,26.7
2025-09-17,25.1,30.6,0.2,0.8,86.0,26.9
2025-09-18,24.5,30.9,3.4,0.5,78.0,27.1
2025-09-19,24.4,31.6,4.4,1.3,85.0,27.8
2025-09-20,25.2,31.1,8.0,0.0,86.0,27.7
2025-09-21,24.4,31.6,4.0,1.5,84.0,27.4
2025-09-22,24.4,31.6,4.4,1.0,80.0,28.7
2025-09-23,24.5,30.4,8.0,0.0,82.0,27.6
2025-09-24,25.4,31.7,2.1,0.0,83.0,28.2
2025-09-25,25.4,30.8,8.0,0.0,78.0,27.8
2025-09-26,23.5,32.4,1.3,37.5,83.0,28.4
2025-09-27,25.3,31.2,7.0,0.0,80.0,28.2
2025-09-28,25.7,31.6,2.8,0.2,85.0,27.8
2025-09-29,24.8,31.9,4.1,0.0,87.0,27.6
2025-09-30,23.5,29.3,4.5,11.8,91.0,26.3
2025-10-01,24.6,32.0,0.0,1.0,82.0,28.3
2025-10-02,25.0,32.0,8.0,0.0,81.0,28.6
2025-10-03,27.0,31.9,8.0,0.0,82.0,28.8
2025-10-04,23.0684,27.3,6.4,78.5,93.0,25.427999999999997
2025-10-05,23.6,30.4,0.0,3.0,86.0,26.5
2025-10-06,24.3,27.9,1.2,3.1,86.0,25.8
2025-10-07,24.0,31.3,3.2,3.2,84.0,27.3
2025-10-08,24.4,31.5,6.0,0.0,78.0,28.4
2025-10-09,24.0,31.1,8.0,0.0,82.0,27.9
2025-10-10,23.7,31.5,5.6,0.0,85.0,27.0
2025-10-11,24.0,32.1,2.3,0.0,83.0,28.6
2025-10-12,25.7,29.4,2.6,4.5,88.0,27.4
2025-10-13,24.9,34.2,0.5,2.0,85.0,28.1
2025-10-14,24.7,31.3,5.8,0.4,83.0,27.3
2025-10-15,24.7,32.6,5.8,0.2,82.0,28.2
2025-10-16,25.8,33.4,8.0,0.0,82.0,29.0
2025-10-17,25.6,32.7,8.0,0.0,81.0,29.0
2025-10-18,26.2,32.4,6.1,0.0,82.0,29.0
2025-10-19,24.4,31.7,8.0,79.5,86.0,28.7
2025-10-20,24.8,30.4,5.6,0.0,89.0,27.7
2025-10-21,24.5,29.5,1.6,1.4,89.0,27.1
2025-10-22,24.5,29.2,0.8,19.0,94.0,26.4
2025-10-23,25.2,29.9,0.0,0.1,85.0,28.0
2025-10-24,24.2,29.5,0.0,73.5,94.0,26.3
2025-10-25,25.1,29.8,0.0,1.0,95.0,26.6
2025-10-26,23.4,28.2,3.5,54.3,95.0,25.427999999999997
2025-10-27,23.7,30.3,0.0,5.8,89.0,27.1
2025-10-28,23.8,30.6,3.1,0.4,93.0,26.0
2025-10-29,24.4,29.6,4.9,3.5,87.0,27.4
2025-10-30,25.5,31.0,1.0,26.25,88.0,27.9
2025-10-31,23.4,28.8,2.6,49.0,95.0,25.427999999999997
