TANGGAL,RH_AVG,TX,TAVG,SS,RR,TN
2023-01-01,74.0,29.33,28.35,9.4,,25.15
2023-01-02,76.0,28.78,28.33,9.0,2.6,25.78
2023-01-03,81.0,28.61,28.03,0.3,2.8,24.44
2023-01-04,78.0,28.6,27.74,6.7,1.58,26.51
2023-01-05,78.0,28.48,27.76,2.8,2.25,26.9
2023-01-06,82.0,28.12,27.52,9.3,5.31,24.34
2023-01-07,79.0,28.07,27.64,7.7,,24.01
2023-01-08,83.0,27.82,27.2,5.5,8.72,23.45
2023-01-09,86.0,27.2729,26.55,5.1,0.0,25.3
2023-01-10,80.0,27.81,27.01,7.1,0.0,25.27
2023-01-11,79.0,28.12,27.34,0.0,1.75,25.44
2023-01-12,81.0,28.1,27.43,2.5,2.44,24.72
2023-01-13,78.0,28.92,28.1,8.3,,24.09
2023-01-14,78.0,28.41,28.14,3.2,0.0,24.87
2023-01-15,78.0,28.74,28.26,8.0,2.23,24.55
2023-01-16,77.0,29.24,28.49,0.0,,25.42
2023-01-17,79.0,28.71,28.22,2.9,7.41,25.64
2023-01-18,77.0,28.36,27.84,1.2,12.65,25.16
2023-01-19,80.0,27.71,27.2,0.6,11.59,26.73
2023-01-20,81.0,28.05,27.4,6.0,8.22,26.81
2023-01-21,81.0,27.76,27.32,7.3,10.2,26.83
2023-01-22,78.0,28.64,27.82,0.8,0.0,24.02
2023-01-23,85.0,27.29,26.94,1.8,0.0,26.56
2023-01-24,80.0,28.15,27.49,4.2,0.0,23.0684
2023-01-25,86.0,27.28,26.81,7.4,13.5,23.2
2023-01-26,87.0,27.2729,26.47,2.1,19.4,26.07
2023-01-27,81.0,27.82,27.14,0.3,4.02,26.42
2023-01-28,86.0,27.2729,26.63,5.5,0.0,26.33
2023-01-29,85.0,27.2729,26.71,8.0,5.22,26.07
2023-01-30,84.0,27.59,27.05,8.7,0.0,26.65
2023-01-31,82.0,27.76,27.3,9.6,8.59,26.62
2023-02-01,83.0,27.55,27.09,6.3,15.5,26.52
2023-02-02,84.0,27.2729,26.71,8.6,12.09,26.1
2023-02-03,78.0,27.99,26.98,6.8,3.41,25.98
2023-02-04,79.0,28.37,27.38,4.0,8.2,26.36
2023-02-05,84.0,27.96,27.25,5.2,0.0,26.54
2023-02-06,82.0,27.71,27.16,3.7,5.27,26.65
2023-02-07,79.0,28.32,27.54,2.4,1.9,26.82
2023-02-08,82.0,27.92,27.29,9.7,4.42,26.64
2023-02-09,77.0,28.9,27.59,9.7,2.09,26.53
2023-02-10,83.0,28.19,27.52,4.3,,26.75
2023-02-11,85.0,28.23,27.8,8.9,8.07,24.14
2023-02-12,81.0,27.63,27.21,1.1,8.16,26.92
2023-02-13,84.0,27.68,26.96,1.6,10.23,26.15
2023-02-14,80.0,28.16,27.27,0.4,,26.26
2023-02-15,79.0,28.57,27.59,0.5,,26.75
2023-02-16,81.0,27.71,27.25,4.3,13.33,26.72
2023-02-17,84.0,27.9,27.22,4.1,5.27,26.75
2023-02-18,84.0,27.48,27.21,4.6,5.58,27.0
2023-02-19,85.0,27.74,27.41,7.4,7.05,26.84
2023-02-20,87.0,27.51,27.16,9.7,,26.78
2023-02-21,81.0,28.49,27.83,9.0,4.79,26.99
2023-02-22,87.0,28.05,27.23,9.7,8.08,26.91
2023-02-23,86.0,27.71,27.19,9.5,8.54,26.65
2023-02-24,85.0,27.73,27.26,9.7,10.57,26.7
2023-02-25,83.0,27.28,27.09,9.2,0.0,26.8
2023-02-26,82.0,27.7,27.23,6.8,0.0,26.6
2023-02-27,83.0,28.36,27.42,8.6,12.22,26.54
2023-02-28,88.0,27.32,26.88,8.5,21.85,26.28
2023-03-01,83.0,27.2729,26.4,7.9,,25.72
2023-03-02,77.0,28.39,27.21,9.7,0.0,25.87
2023-03-03,82.0,27.53,27.22,9.6,7.03,26.82
2023-03-04,83.0,27.54,27.13,4.1,7.46,26.29
2023-03-05,83.0,27.6,26.63,6.8,6.11,25.79
2023-03-06,82.0,27.55,27.07,4.5,,26.19
2023-03-07,82.0,27.91,27.49,4.9,5.45,26.98
2023-03-08,84.0,28.27,27.64,2.0,8.58,26.99
2023-03-09,83.0,28.13,27.62,8.4,6.41,26.91
2023-03-10,79.0,28.61,27.86,3.5,4.62,24.09
2023-03-11,79.0,28.43,27.91,5.4,,24.37
2023-03-12,83.0,28.29,27.59,1.0,12.54,25.15
2023-03-13,82.0,27.2729,26.85,0.0,19.42,26.44
2023-03-14,81.0,27.37,26.71,5.4,0.0,26.14
2023-03-15,80.0,27.5,27.0,6.8,9.28,26.39
2023-03-16,82.0,28.08,27.63,1.5,6.5,27.0937
2023-03-17,83.0,28.22,27.71,8.3,5.21,27.0937
2023-03-18,79.0,28.38,27.94,5.5,4.41,27.0937
2023-03-19,79.0,28.78,28.3,7.5,1.55,27.0937
2023-03-20,80.0,28.32,28.17,3.6,5.92,27.0937
2023-03-21,79.0,28.93,28.13,6.6,4.54,27.0937
2023-03-22,80.0,28.78,28.04,2.3,4.05,27.0937
2023-03-23,84.0,28.18,27.66,4.2,0.0,26.92
2023-03-24,81.0,29.01,28.29,1.1,0.0,24.51
2023-03-25,85.0,28.25,27.91,2.6,0.0,24.69
2023-03-26,85.0,27.6,26.99,6.4,0.0,26.71
2023-03-27,83.0,28.42,27.47,9.5,0.0,26.72
2023-03-28,79.0,28.01,27.31,9.7,0.0,26.51
2023-03-29,74.0,28.82,28.13,9.6,1.85,27.0937
2023-03-30,81.0,27.98,27.48,6.5,6.08,27.07
2023-03-31,82.0,27.63,27.05,0.0,17.91,26.27
2023-04-01,82.0,27.91,27.2,2.3,10.07,26.43
2023-04-02,86.0,27.2729,26.63,9.7,6.29,25.96
2023-04-03,77.0,28.88,27.93,4.4,11.2,26.91
2023-04-04,83.0,27.52,27.02,1.4,44.94,26.4
2023-04-05,81.0,27.52,26.92,7.2,2.17,26.2
2023-04-06,77.0,28.49,27.83,9.1,,24.32
2023-04-07,83.0,27.28,26.72,9.7,22.23,26.0
2023-04-08,77.0,28.63,27.81,9.4,5.12,26.79
2023-04-09,78.0,28.35,27.83,8.1,5.55,25.03
2023-04-10,84.0,28.07,27.65,6.7,14.08,26.82
2023-04-11,82.0,28.37,28.06,3.5,,25.6
2023-04-12,78.0,29.1,28.65,7.8,,25.98
2023-04-13,80.0,29.4,28.73,6.1,5.65,25.99
2023-04-14,85.0,28.4,28.06,7.0,7.86,24.75
2023-04-15,82.0,28.29,27.99,9.7,,24.6
2023-04-16,83.0,28.33,27.97,9.7,5.13,24.44
2023-04-17,81.0,28.72,28.15,0.0,3.17,25.7
2023-04-18,81.0,28.77,28.26,6.2,0.0,24.65
2023-04-19,83.0,28.59,28.2,9.7,6.53,26.87
2023-04-20,79.0,28.94,28.53,7.5,4.08,26.94
2023-04-21,82.0,28.78,28.38,8.0,0.0,26.06
2023-04-22,82.0,28.75,28.36,5.9,8.28,25.04
2023-04-23,78.0,29.22,28.81,7.8,1.71,25.25
2023-04-24,79.0,29.36,28.88,4.8,7.76,24.31
2023-04-25,81.0,28.6,28.39,8.1,,24.09
2023-04-26,76.0,29.49,28.86,1.0,1.21,25.25
2023-04-27,80.0,29.52,28.92,7.9,2.31,25.34
2023-04-28,83.0,29.11,28.72,6.0,,26.19
2023-04-29,82.0,28.69,28.27,6.9,6.15,26.01
2023-04-30,83.0,28.17,27.96,5.3,7.06,24.77
2023-05-01,80.0,28.76,28.33,0.5,4.25,24.73
2023-05-02,79.0,29.18,28.71,9.6,1.13,24.35
2023-05-03,81.0,29.0,28.55,0.0,1.26,24.11
2023-05-04,82.0,29.31,28.76,5.3,0.0,
2023-05-05,82.0,29.35,28.93,0.0,2.45,26.67
2023-05-06,85.0,29.32,28.61,4.8,5.36,26.27
2023-05-07,85.0,29.09,28.51,1.8,8.11,24.05
2023-05-08,81.0,29.06,28.38,4.9,6.56,24.64
2023-05-09,80.0,28.84,28.39,6.6,7.59,24.86
2023-05-10,81.0,28.74,28.16,3.1,8.01,25.65
2023-05-11,78.0,29.61,28.93,1.0,,
2023-05-12,84.0,29.44,28.94,9.7,6.96,
2023-05-13,85.0,29.57,28.86,4.2,7.41,25.02
2023-05-14,84.0,28.83,28.5,0.3,8.43,24.35
2023-05-15,83.0,28.74,28.31,9.7,6.16,25.74
2023-05-16,85.0,28.36,28.04,8.0,,25.79
2023-05-17,80.0,28.54,28.05,4.1,6.69,26.49
2023-05-18,84.0,28.75,28.33,8.1,8.41,24.04
2023-05-19,85.0,28.12,27.87,3.2,7.32,26.53
2023-05-20,83.0,28.47,28.05,6.5,2.18,26.63
2023-05-21,85.0,28.62,28.17,3.2,3.51,26.77
2023-05-22,84.0,28.4,28.05,2.2,,26.68
2023-05-23,84.0,28.57,28.14,5.6,,26.81
2023-05-24,87.0,28.11,27.85,0.8,11.96,26.68
2023-05-25,85.0,28.5,27.96,6.7,8.5,24.5
2023-05-26,86.0,28.35,27.94,7.9,5.9,24.7
2023-05-27,87.0,28.6,27.98,0.0,3.51,24.28
2023-05-28,86.0,28.66,28.28,1.0,2.9,25.0
2023-05-29,84.0,29.07,28.51,4.1,0.86,25.13
2023-05-30,83.0,29.08,28.55,6.0,1.62,25.27
2023-05-31,84.0,29.02,28.48,6.5,2.3,24.1
2023-06-01,89.0,28.37,28.18,6.4,4.23,24.91
2023-06-02,87.0,28.94,28.51,1.3,3.08,24.14
2023-06-03,87.0,28.7,28.4,1.8,,26.15
2023-06-04,86.0,28.48,28.18,7.6,,26.92
2023-06-05,89.0,27.83,27.47,0.3,,26.15
2023-06-06,87.0,28.05,27.59,2.8,9.14,26.95
2023-06-07,85.0,28.07,27.84,0.0,13.2,25.56
2023-06-08,82.0,28.78,28.18,0.0,4.36,25.65
2023-06-09,84.0,28.45,27.93,7.3,0.0,24.53
2023-06-10,85.0,28.61,28.08,1.5,4.84,24.61
2023-06-11,86.0,28.74,28.22,7.1,0.0,25.67
2023-06-12,86.0,28.16,27.9,0.0,5.89,25.62
2023-06-13,82.0,28.41,28.02,4.7,6.23,25.62
2023-06-14,82.0,28.38,27.8,0.0,,25.54
2023-06-15,83.0,27.99,27.52,1.3,,25.12
2023-06-16,83.0,27.91,27.46,2.5,,26.97
2023-06-17,83.0,27.59,27.27,5.7,5.69,26.06
2023-06-18,81.0,28.14,27.65,3.2,7.13,
2023-06-19,80.0,27.82,27.52,5.5,5.85,24.03
2023-06-20,85.0,27.57,26.85,0.0,14.49,26.52
2023-06-21,80.0,28.29,27.79,7.1,0.97,26.19
2023-06-22,83.0,28.24,27.73,2.7,1.13,24.29
2023-06-23,82.0,28.51,27.85,2.5,0.31,
2023-06-24,86.0,28.43,27.94,3.0,0.0,24.47
2023-06-25,85.0,28.5,27.97,0.0,3.13,24.48
2023-06-26,85.0,28.22,27.82,2.8,2.28,24.37
2023-06-27,85.0,28.19,27.93,7.5,6.46,24.56
2023-06-28,83.0,28.04,27.72,9.7,3.43,25.29
2023-06-29,84.0,28.22,27.83,2.0,3.13,24.44
2023-06-30,81.0,28.34,28.02,1.0,3.59,26.55
2023-07-01,81.0,28.67,28.19,2.7,0.0,26.7
2023-07-02,82.0,28.32,28.01,0.0,4.72,26.69
2023-07-03,86.0,27.78,27.21,0.0,12.92,26.64
2023-07-04,80.0,28.11,27.53,0.0,4.52,26.77
2023-07-05,78.0,28.59,28.06,4.2,1.78,24.71
2023-07-06,82.0,28.3,27.84,6.9,5.91,25.48
2023-07-07,83.0,27.79,27.41,8.3,8.59,26.78
2023-07-08,84.0,27.58,26.75,0.0,15.28,26.55
2023-07-09,80.0,28.01,27.59,0.0,1.61,26.89
2023-07-10,82.0,28.48,27.96,5.2,0.86,24.26
2023-07-11,81.0,28.94,28.38,3.6,0.39,24.95
2023-07-12,85.0,28.14,27.81,5.0,0.0,24.34
2023-07-13,86.0,27.54,27.08,0.0,0.0,26.84
2023-07-14,86.0,27.69,26.96,8.0,0.0,26.09
2023-07-15,84.0,28.16,27.52,8.0,0.0,26.96
2023-07-16,89.0,27.36,27.0,5.4,0.0,26.56
2023-07-17,85.0,28.16,27.56,5.1,0.0,26.82
2023-07-18,83.0,28.4,27.81,2.5,0.0,25.23
2023-07-19,85.0,28.17,27.83,8.0,2.68,25.47
2023-07-20,85.0,28.55,27.95,7.5,3.52,25.52
2023-07-21,87.0,27.74,27.4,4.7,9.81,25.16
2023-07-22,84.0,28.29,27.66,0.5,1.31,25.07
2023-07-23,84.0,,,3.6,,
2023-07-24,84.0,28.25,27.62,7.7,1.09,26.88
2023-07-25,82.0,28.47,27.79,5.1,0.14,24.33
2023-07-26,82.0,28.42,27.71,8.0,0.07,24.27
2023-07-27,82.0,28.17,27.54,8.0,0.1,26.99
2023-07-28,82.0,28.15,27.46,8.0,0.02,26.81
2023-07-29,82.0,28.12,27.39,8.0,,26.88
2023-07-30,84.0,28.01,27.31,7.8,0.18,26.6
2023-07-31,84.0,28.17,27.47,5.7,0.25,26.78
2023-08-01,86.0,28.35,27.65,8.0,,26.92
2023-08-02,85.0,28.49,27.9,0.3,,26.35
2023-08-03,84.0,27.82,27.38,0.0,,26.8
2023-08-04,85.0,27.92,27.5,5.2,,26.09
2023-08-05,87.0,28.12,27.54,1.7,6.63,26.99
2023-08-06,85.0,28.13,27.64,0.2,3.37,25.22
2023-08-07,82.0,28.3,27.68,0.5,1.88,25.32
2023-08-08,82.0,28.32,27.63,4.3,0.37,25.13
2023-08-09,81.0,28.2,27.53,3.8,,26.99
2023-08-10,83.0,28.31,27.5,8.0,0.67,24.07
2023-08-11,83.0,28.01,27.43,6.5,1.37,24.03
2023-08-12,83.0,27.66,27.14,1.3,0.29,26.63
2023-08-13,80.0,28.19,27.46,1.0,,26.79
2023-08-14,82.0,28.22,27.52,1.1,0.04,25.06
2023-08-15,84.0,28.48,27.65,0.0,0.11,26.94
2023-08-16,84.0,27.99,27.42,5.4,0.28,26.94
2023-08-17,84.0,28.08,27.46,8.0,0.27,26.88
2023-08-18,83.0,28.16,27.53,4.4,0.0,26.02
2023-08-19,83.0,28.36,27.65,0.0,0.34,25.1
2023-08-20,81.0,28.73,27.92,0.0,0.25,25.14
2023-08-21,80.0,28.68,27.93,2.1,0.24,24.57
2023-08-22,80.0,28.77,27.88,0.0,0.33,24.35
2023-08-23,83.0,28.38,27.71,7.3,1.76,24.14
2023-08-24,86.0,27.91,27.46,0.1,,26.98
2023-08-25,85.0,28.02,27.5,0.0,25.3,25.17
2023-08-26,84.0,28.34,27.61,4.7,2.72,25.03
2023-08-27,82.0,28.66,27.78,0.0,2.03,26.91
2023-08-28,82.0,28.33,27.62,5.4,1.14,26.91
2023-08-29,81.0,28.6,27.79,7.1,0.07,24.09
2023-08-30,82.0,28.53,27.59,0.0,0.0,26.79
2023-08-31,83.0,28.59,27.62,8.0,0.0,26.76
2023-09-01,83.0,28.15,27.57,4.2,0.0,25.08
2023-09-02,78.0,28.3,27.44,8.0,0.0,26.72
2023-09-03,79.0,28.35,27.46,8.0,0.01,26.86
2023-09-04,80.0,28.57,27.57,0.5,0.01,26.68
2023-09-05,84.0,28.62,27.69,8.0,0.79,26.84
2023-09-06,85.0,28.31,27.67,5.0,2.95,26.13
2023-09-07,82.0,28.81,27.99,6.3,1.13,26.44
2023-09-08,83.0,28.34,27.66,2.4,1.19,26.05
2023-09-09,81.0,28.34,27.65,8.0,0.62,24.21
2023-09-10,84.0,28.27,27.65,7.7,1.72,24.05
2023-09-11,83.0,28.64,27.74,8.0,8.27,24.1
2023-09-12,85.0,27.2729,26.47,8.0,0.0,26.17
2023-09-13,79.0,27.69,27.28,8.0,3.95,26.61
2023-09-14,82.0,28.83,27.82,8.0,1.38,25.08
2023-09-15,84.0,28.46,27.68,8.0,2.71,26.79
2023-09-16,84.0,28.25,27.7,8.0,1.82,25.18
2023-09-17,87.0,27.96,27.36,8.0,2.94,26.9
2023-09-18,86.0,28.18,27.47,6.6,,26.74
2023-09-19,84.0,27.99,27.66,6.3,3.18,24.39
2023-09-20,82.0,28.73,28.02,6.4,0.98,24.47
2023-09-21,82.0,28.99,28.1,0.3,0.54,24.52
2023-09-22,79.0,28.92,27.99,7.2,,24.32
2023-09-23,81.0,28.54,27.75,8.0,0.04,24.03
2023-09-24,83.0,28.72,27.85,8.0,0.12,26.14
2023-09-25,84.0,28.61,27.75,0.0,0.07,26.97
2023-09-26,80.0,28.92,27.87,6.8,0.01,26.04
2023-09-27,80.0,28.95,27.84,3.0,,26.03
2023-09-28,82.0,28.75,27.81,8.0,0.6,26.94
2023-09-29,83.0,28.79,27.88,8.0,2.05,24.2
2023-09-30,82.0,28.75,27.97,0.0,0.65,24.37
2023-10-01,81.0,28.77,27.96,1.8,0.3,24.38
2023-10-02,82.0,28.73,27.95,4.2,0.22,24.33
2023-10-03,83.0,28.79,28.01,0.8,,25.45
2023-10-04,83.0,28.74,28.06,5.5,1.82,25.51
2023-10-05,81.0,28.76,28.11,2.1,2.6,25.38
2023-10-06,81.0,28.91,28.35,5.3,7.72,24.84
2023-10-07,83.0,29.07,28.29,3.7,8.13,24.58
2023-10-08,81.0,28.58,28.1,1.1,7.47,24.58
2023-10-09,80.0,29.43,28.6,8.0,,25.74
2023-10-10,82.0,29.2,28.53,2.3,3.28,25.06
2023-10-11,81.0,29.03,28.41,8.0,0.74,26.69
2023-10-12,81.0,28.98,28.36,8.0,1.73,25.52
2023-10-13,82.0,29.21,28.4,0.8,2.5,25.74
2023-10-14,79.0,29.05,28.46,2.7,2.58,26.71
2023-10-15,81.0,28.75,28.31,6.7,,26.98
2023-10-16,85.0,28.06,27.81,8.0,8.5,26.51
2023-10-17,83.0,28.44,28.01,4.3,9.85,24.46
2023-10-18,83.0,28.52,28.12,0.0,12.17,24.64
2023-10-19,80.0,28.84,28.28,4.5,5.05,24.68
2023-10-20,79.0,29.07,28.4,5.8,2.15,25.71
2023-10-21,79.0,28.88,28.34,0.4,2.18,25.82
2023-10-22,77.0,28.87,28.42,7.0,4.02,25.87
2023-10-23,77.0,28.73,28.38,4.2,2.34,24.17
2023-10-24,79.0,28.8,28.33,8.0,2.91,24.87
2023-10-25,82.0,,,7.9,,
2023-10-26,82.0,,,7.6,,
2023-10-27,80.0,28.65,28.2,4.7,0.8,26.83
2023-10-28,78.0,28.71,28.18,8.0,1.0,26.3
2023-10-29,72.0,29.57,28.88,8.0,0.34,26.88
2023-10-30,75.0,29.61,28.99,8.0,0.63,26.18
2023-10-31,77.0,29.62,28.92,4.6,0.57,24.3
2023-11-01,76.0,29.44,28.91,4.9,1.54,24.49
2023-11-02,79.0,28.84,28.63,6.5,7.49,24.37
2023-11-03,76.0,29.17,28.69,5.0,2.67,24.08
2023-11-04,75.0,28.87,28.34,8.0,0.0,24.9
2023-11-05,74.0,29.99,28.97,7.5,0.67,25.1
2023-11-06,78.0,29.4,28.85,4.5,1.9,25.39
2023-11-07,81.0,28.84,28.51,5.3,0.0,25.31
2023-11-08,78.0,29.4,28.96,8.0,0.0,24.42
2023-11-09,78.0,29.19,28.9,5.8,0.0,24.59
2023-11-10,77.0,29.65,28.71,6.3,0.0,24.73
2023-11-11,79.0,29.43,28.71,0.0,0.0,25.0
2023-11-12,79.0,29.05,28.42,8.0,4.34,25.58
2023-11-13,77.0,28.71,28.56,8.0,4.21,24.37
2023-11-14,78.0,29.53,28.82,4.6,1.23,24.27
2023-11-15,79.0,29.78,29.03,7.5,,26.19
2023-11-16,78.0,29.58,29.18,4.4,4.81,26.73
2023-11-17,79.0,29.52,28.92,2.8,0.0,26.42
2023-11-18,81.0,28.96,28.63,0.5,1.95,26.35
2023-11-19,79.0,29.35,28.74,2.5,3.18,25.22
2023-11-20,82.0,28.74,28.37,0.0,,25.01
2023-11-21,81.0,28.65,28.33,3.6,5.36,25.98
2023-11-22,79.0,29.28,28.7,5.1,1.98,24.12
2023-11-23,81.0,29.07,28.71,0.8,3.52,24.3
2023-11-24,80.0,28.66,28.03,3.8,8.25,24.8
2023-11-25,76.0,29.59,28.58,1.8,,26.84
2023-11-26,83.0,28.64,28.06,5.1,5.76,26.63
2023-11-27,79.0,28.75,27.97,4.8,2.28,24.22
2023-11-28,81.0,28.74,28.11,1.9,3.01,24.54
2023-11-29,82.0,28.5,28.12,6.0,2.44,24.62
2023-11-30,85.0,28.44,28.16,2.3,3.35,25.75
2023-12-01,83.0,28.67,28.2,0.0,3.79,25.72
2023-12-02,82.0,28.48,28.15,5.9,7.61,25.84
2023-12-03,82.0,28.77,28.2,0.3,6.72,25.66
2023-12-04,80.0,28.73,28.17,6.2,10.0,24.42
2023-12-05,77.0,28.98,28.35,0.4,4.75,24.54
2023-12-06,78.0,28.88,28.55,3.4,15.39,26.12
2023-12-07,84.0,28.82,28.12,6.3,11.56,26.53
2023-12-08,78.0,28.89,28.02,8.0,0.0,26.74
2023-12-09,80.0,29.08,28.26,0.9,4.83,25.45
2023-12-10,82.0,28.49,28.14,1.5,6.03,25.73
2023-12-11,79.0,29.05,28.42,0.4,5.61,26.65
2023-12-12,82.0,29.16,28.48,2.7,6.38,24.82
2023-12-13,83.0,29.15,28.29,0.0,10.24,25.75
2023-12-14,80.0,28.83,28.12,4.0,5.16,26.97
2023-12-15,80.0,29.34,28.7,0.8,3.21,25.9
2023-12-16,83.0,29.3,28.57,0.0,8.67,24.58
2023-12-17,85.0,28.55,28.13,0.2,0.0,25.74
2023-12-18,81.0,28.92,28.19,8.0,6.42,25.65
2023-12-19,84.0,28.15,27.79,1.1,3.31,25.12
2023-12-20,84.0,28.53,28.17,6.7,0.0,25.67
2023-12-21,83.0,28.3,27.64,7.5,5.93,24.11
2023-12-22,80.0,29.15,28.61,3.6,3.67,24.22
2023-12-23,77.0,29.4,28.84,2.7,0.0,26.08
2023-12-24,82.0,29.32,28.63,5.3,3.16,26.74
2023-12-25,83.0,29.08,28.49,0.2,5.03,26.81
2023-12-26,80.0,28.88,28.41,2.3,,26.71
2023-12-27,81.0,29.39,28.63,1.8,,26.86
2023-12-28,84.0,29.25,28.57,5.6,,26.96
2023-12-29,84.0,29.31,28.57,3.9,1.96,26.87
2023-12-30,76.0,33.1,29.5,3.0,0.0,25.5
2023-12-31,86.0,30.9,27.6,1.8,0.0,25.9
2024-01-01,83.0,32.7,27.8,0.0,15.4,25.8
2024-01-02,87.0,32.4,26.9,0.0,36.8,24.3
2024-01-03,81.0,33.4,27.9,8.0,16.7,24.6
2024-01-04,81.0,32.9,27.9,1.0,7.0,24.7
2024-01-05,76.0,32.0,28.1,6.5,59.0,23.9
2024-01-06,86.0,32.0,27.3,3.6,3.5,24.2
2024-01-07,79.0,32.8,28.3,1.5,21.5,25.0
2024-01-08,92.0,29.2,26.5,0.0,1.0,25.5
2024-01-09,78.0,32.4,28.1,1.1,9.1,25.4
2024-01-10,73.0,34.0,29.5,8.0,0.0,25.3
2024-01-11,88.0,31.2,26.7,8.0,0.0,26.3
2024-01-12,78.0,33.1,28.5,7.8,34.0,24.1
2024-01-13,84.0,31.3,26.8,0.4,3.0,25.4
2024-01-14,81.0,31.8,27.3,4.8,2.8,25.0
2024-01-15,76.0,31.6,27.9,1.2,12.4,24.5
2024-01-16,75.0,31.6,27.3,8.0,0.9,24.1
2024-01-17,70.0,33.0,28.8,6.2,2.5,23.3
2024-01-18,70.0,33.5,28.7,7.6,0.0,25.6
2024-01-19,79.0,31.1,27.6,2.4,35.3,24.3
2024-01-20,79.0,31.6,27.1,7.2,5.5,24.4
2024-01-21,78.0,31.8,27.1,6.7,3.0,23.9
2024-01-22,77.0,33.8,28.2,3.9,0.0,24.0
2024-01-23,80.0,31.2,26.8,2.7,9.0,23.6
2024-01-24,80.0,29.9,27.0,1.5,3.3,23.7
2024-01-25,77.0,33.5,28.0,6.1,,24.7
2024-01-26,71.0,33.9,29.0,7.0,0.9,25.4
2024-01-27,69.0,33.0,28.8,5.2,0.0,25.4
2024-01-28,70.0,33.4,28.6,0.9,0.0,24.7
2024-01-29,75.0,32.2,28.5,0.5,0.0,25.0
2024-01-30,74.0,32.5,29.0,0.3,0.0,25.4
2024-01-31,85.0,31.7,27.3,0.5,0.0,25.0
2024-02-01,79.0,32.1,27.9,0.4,8.7,24.1
2024-02-02,81.0,32.2,27.6,6.5,,24.1
2024-02-03,87.0,32.2,27.1,3.1,18.5,24.6
2024-02-04,84.0,31.5,27.2,7.0,10.1,25.0
2024-02-05,71.0,32.8,28.9,8.0,35.5,24.0
2024-02-06,77.0,32.7,28.2,0.0,0.0,24.7
2024-02-07,76.0,32.2,27.4,0.6,61.5,23.3
2024-02-08,73.0,33.1,29.3,6.6,,24.5
2024-02-09,89.0,31.4,26.5,4.3,0.5,26.0
2024-02-10,82.0,31.6,27.4,5.7,18.3,24.9
2024-02-11,79.0,32.0,27.6,7.8,3.2,24.9
2024-02-12,80.0,32.2,27.2,1.8,4.5,24.9
2024-02-13,71.0,32.8,28.4,3.0,4.5,24.7
2024-02-14,72.0,33.0,28.6,2.7,0.0,25.1
2024-02-15,71.0,32.2,28.6,8.0,0.0,25.1
2024-02-16,68.0,34.471000000000004,28.8,3.8,,25.6
2024-02-17,68.0,34.471000000000004,29.2,1.7,0.0,24.8
2024-02-18,68.0,34.0,29.1,2.3,0.0,25.4
2024-02-19,71.0,33.3,29.3,8.0,0.0,25.4
2024-02-20,71.0,33.4,29.2,1.3,0.0,25.6
2024-02-21,70.0,34.471000000000004,29.672000000000004,6.5,0.0,25.7
2024-02-22,68.0,34.471000000000004,29.672000000000004,2.8,0.0,26.3
2024-02-23,73.0,33.3,29.5,0.0,0.0,26.2
2024-02-24,76.0,34.1,29.5,1.4,0.0,26.2
2024-02-25,77.0,34.471000000000004,28.2,6.3,11.0,24.8
2024-02-26,89.0,30.3,26.6,4.2,15.0,24.4
2024-02-27,76.0,31.9,28.5,1.4,8.1,24.5
2024-02-28,71.0,34.0,29.4,5.3,0.0,24.8
2024-02-29,68.0,34.471000000000004,29.5,5.0,0.0,25.9
2024-03-01,74.0,32.4,28.8,0.6,0.0,25.7
2024-03-02,76.0,33.2,29.0,4.2,0.0,25.8
2024-03-03,79.0,32.4,28.5,2.0,,26.0
2024-03-04,79.0,32.7,28.0,0.2,0.7,26.0
2024-03-05,85.0,32.7,27.7,7.3,5.7,26.0
2024-03-06,78.0,32.9,28.8,3.1,10.8,25.8
2024-03-07,79.0,32.6,28.2,0.2,23.0,24.8
2024-03-08,77.0,33.2,28.7,8.0,,25.1
2024-03-09,84.0,32.6,26.9,6.2,0.0,25.6
2024-03-10,87.0,32.6,26.0,4.0,28.4,24.9
2024-03-11,72.0,32.2,28.6,2.3,,24.5
2024-03-12,76.0,33.1,28.2,3.3,0.0,24.5
2024-03-13,76.0,32.3,28.0,6.1,10.7,23.8
2024-03-14,71.0,33.9,29.1,3.6,0.8,24.5
2024-03-15,71.0,33.9,28.8,2.4,0.0,25.6
2024-03-16,74.0,32.6,28.8,0.0,0.0,25.0
2024-03-17,74.0,32.0,28.3,8.0,0.0,25.0
2024-03-18,74.0,33.5,28.7,6.6,0.0,25.0
2024-03-19,75.0,31.8,28.2,0.0,35.1,23.2
2024-03-20,78.0,32.0,28.5,0.1,,23.7
2024-03-21,76.0,31.4,27.7,2.1,,24.7
2024-03-22,84.0,29.6,26.8,6.0,2.5,24.7
2024-03-23,78.0,31.9,28.5,4.8,0.3,24.3
2024-03-24,70.0,33.4,29.3,4.6,0.0,25.0
2024-03-25,72.0,33.9,29.4,6.9,0.0,25.2
2024-03-26,74.0,32.4,29.5,8.0,0.0,26.0
2024-03-27,78.0,32.4,28.2,7.8,11.5,24.9
2024-03-28,88.0,28.0,26.1,6.2,14.0,24.9
2024-03-29,91.0,29.7,26.4,0.0,80.21399999999983,24.3
2024-03-30,78.0,32.1,28.7,7.3,2.3,24.4
2024-03-31,83.0,31.1,27.7,0.0,0.0,24.8
2024-04-01,85.0,30.0,27.2,7.0,8.4,25.8
2024-04-02,74.0,32.4,28.8,6.2,,25.0
2024-04-03,68.0,34.0,29.4,2.3,0.0,25.1
2024-04-04,68.0,34.471000000000004,29.6,0.0,0.0,25.5
2024-04-05,68.0,34.4,29.672000000000004,0.1,0.0,25.5
2024-04-06,68.0,34.471000000000004,29.672000000000004,8.0,,25.6
2024-04-07,70.0,34.471000000000004,29.672000000000004,6.9,0.0,26.6
2024-04-08,77.0,34.471000000000004,28.4,2.5,0.0,
2024-04-09,80.0,34.471000000000004,28.6,5.8,10.2,24.9
2024-04-10,68.0,33.0,29.3,0.0,2.1,25.1
2024-04-11,72.0,33.2,29.3,8.0,0.0,26.3
2024-04-12,74.0,32.6,29.1,4.2,0.0,25.0
2024-04-13,72.0,32.8,29.4,7.8,,26.1
2024-04-14,74.0,32.6,29.3,0.0,0.0,26.3
2024-04-15,74.0,32.1,29.3,8.0,0.0,26.4
2024-04-16,73.0,32.8,29.3,3.2,0.0,26.5
2024-04-17,72.0,33.0,29.672000000000004,0.3,0.0,25.1
2024-04-18,77.0,32.8,28.8,8.0,0.0,26.2
2024-04-19,69.0,33.6,29.672000000000004,8.0,,26.5
2024-04-20,77.0,32.0,29.1,5.1,,26.3
2024-04-21,76.0,33.8,29.3,0.7,0.8,26.4
2024-04-22,76.0,33.4,29.1,3.6,,26.3
2024-04-23,79.0,33.2,28.8,0.5,0.0,26.3
2024-04-24,91.0,29.4,26.7,1.7,7.0,25.5
2024-04-25,79.0,31.8,28.8,2.6,13.5,25.3
2024-04-26,80.0,33.6,29.1,0.3,0.0,25.8
2024-04-27,80.0,32.3,28.9,3.4,0.6,26.2
2024-04-28,79.0,32.7,28.9,1.1,19.0,25.7
2024-04-29,87.0,30.4,27.4,6.7,21.3,25.7
2024-04-30,78.0,31.9,29.1,5.4,,25.0
2024-05-01,74.0,33.3,29.672000000000004,0.8,0.0,26.7
2024-05-02,80.0,31.9,28.7,8.0,10.0,26.0
2024-05-03,94.0,29.2,26.0,8.0,7.9,25.0
2024-05-04,76.0,32.3,29.0,5.8,11.9,24.8
2024-05-05,84.0,30.6,27.5,7.5,21.3,24.9
2024-05-06,77.0,31.9,28.7,6.0,6.0,24.9
2024-05-07,74.0,33.0,29.672000000000004,8.0,,24.8
2024-05-08,78.0,32.1,28.6,0.9,0.0,26.7
2024-05-09,81.0,32.0,27.6,3.2,,26.3
2024-05-10,77.0,32.1,29.3,7.5,,25.8
2024-05-11,82.0,32.3,28.7,0.0,8.1,25.8
2024-05-12,89.0,30.1,26.9,7.6,4.4,25.9
2024-05-13,76.0,32.3,29.5,5.0,18.0,24.7
2024-05-14,77.0,32.3,29.5,8.0,9.0,26.3
2024-05-15,76.0,32.1,29.672000000000004,8.0,3.7,26.3
2024-05-16,76.0,32.6,29.4,1.9,0.0,27.0937
2024-05-17,80.0,31.3,27.9,8.0,1.6,25.2
2024-05-18,78.0,32.8,29.2,7.5,0.8,25.2
2024-05-19,80.0,32.8,29.1,0.0,68.5,24.8
2024-05-20,87.0,29.8,27.6,0.0,11.0,25.1
2024-05-21,80.0,32.3,28.9,4.5,50.3,24.1
2024-05-22,81.0,31.5,28.7,4.1,26.1,25.4
2024-05-23,81.0,31.1,28.1,7.8,10.6,25.8
2024-05-24,77.0,32.1,29.4,8.0,0.0,26.2
2024-05-25,77.0,31.9,29.6,6.1,,25.0
2024-05-26,95.0,,,0.0,7.0,
2024-05-27,91.0,30.4,26.6,8.0,43.2,25.7
2024-05-28,84.0,31.6,28.4,8.0,47.5,24.2
2024-05-29,83.0,33.0,28.5,6.8,4.0,26.7
2024-05-30,81.0,31.6,29.0,2.2,8.0,25.3
2024-05-31,79.0,32.9,29.1,0.0,0.0,26.4
2024-06-01,84.0,32.9,28.3,0.0,3.0,25.6
2024-06-02,91.0,29.9,26.6,0.0,38.8,25.2
2024-06-03,78.0,31.4,28.5,6.2,20.3,24.9
2024-06-04,84.0,29.3,27.0,8.0,68.0,24.2
2024-06-05,82.0,31.7,28.0,7.5,0.8,24.1
2024-06-06,84.0,29.8,27.2,1.5,11.0,
2024-06-07,86.0,31.3,27.2,4.0,,24.8
2024-06-08,79.0,31.6,28.2,8.0,17.0,24.7
2024-06-09,84.0,30.2,27.8,5.4,0.0,26.1
2024-06-10,78.0,32.2,27.9,2.0,9.7,24.5
2024-06-11,86.0,32.2,26.8,0.0,0.0,25.4
2024-06-12,78.0,31.7,28.5,8.0,3.6,25.2
2024-06-13,85.0,28.9,26.3,0.2,27.5,24.7
2024-06-14,84.0,29.6,27.1,5.1,2.7,25.0
2024-06-15,81.0,30.7,27.6,7.6,1.1,25.0
2024-06-16,81.0,31.1,28.1,7.1,12.8,24.5
2024-06-17,82.0,31.8,27.9,3.5,,24.5
2024-06-18,82.0,31.3,27.6,0.2,35.5,24.7
2024-06-19,88.0,28.7,26.0,0.0,5.0,24.6
2024-06-20,73.0,31.2,28.8,3.3,7.2,24.9
2024-06-21,75.0,31.2,28.2,1.9,0.0,25.4
2024-06-22,80.0,30.6,27.6,8.0,0.3,25.7
2024-06-23,86.0,30.1,26.6,0.8,35.0,23.8
2024-06-24,88.0,28.5,25.8,4.6,11.4,24.4
2024-06-25,77.0,30.8,27.8,3.0,0.2,24.7
2024-06-26,76.0,31.6,28.8,2.7,0.0,25.0
2024-06-27,77.0,31.8,29.2,3.6,0.0,25.5
2024-06-28,82.0,31.1,27.4,4.8,0.0,26.3
2024-06-29,82.0,30.0,27.5,0.0,33.9,24.1
2024-06-30,84.0,30.1,27.3,8.0,22.1,24.1
2024-07-01,84.0,30.1,27.2,7.6,1.7,25.6
2024-07-02,94.0,,,8.0,1.0,
2024-07-03,86.0,28.7,25.9,5.5,28.8,24.3
2024-07-04,78.0,31.7,28.1,0.5,3.3,24.3
2024-07-05,78.0,31.7,28.1,8.0,0.0,25.4
2024-07-06,78.0,30.9,28.2,0.0,34.8,23.9
2024-07-07,94.0,28.9,25.427999999999997,6.4,2.8,23.9
2024-07-08,,29.2,,8.0,,
2024-07-09,95.0,28.6,25.427999999999997,2.2,29.2,23.2
2024-07-10,86.0,30.7,27.1,2.1,17.8,23.0684
2024-07-11,79.0,30.8,27.6,1.5,0.0,24.7
2024-07-12,79.0,29.8,27.0,7.1,,25.9
2024-07-13,77.0,28.0,26.7,6.4,,25.8
2024-07-14,82.0,30.9,27.2,0.0,,25.2
2024-07-15,78.0,31.0,27.8,2.3,0.0,24.8
2024-07-16,83.0,30.4,28.1,0.0,26.8,24.7
2024-07-17,80.0,30.3,27.8,5.5,,24.7
2024-07-18,73.0,30.6,28.3,5.0,0.0,25.8
2024-07-19,79.0,30.5,27.3,8.0,,24.3
2024-07-20,79.0,31.2,27.8,8.0,0.0,26.4
2024-07-21,80.0,30.6,28.3,8.0,,26.3
2024-07-22,90.0,29.5,27.3,8.0,13.1,25.6
2024-07-23,83.0,31.3,27.8,8.0,1.6,25.0
2024-07-24,81.0,31.1,28.3,8.0,0.0,26.7
2024-07-25,89.0,30.3,26.6,8.0,32.0,25.2
2024-07-26,81.0,31.8,28.1,0.0,,24.7
2024-07-27,80.0,31.0,28.1,8.0,0.0,26.1
2024-07-28,80.0,31.7,28.0,7.3,,25.6
2024-07-29,79.0,31.5,28.6,8.0,0.0,26.7
2024-07-30,79.0,31.5,28.5,4.3,0.0,27.0937
2024-07-31,81.0,31.4,28.0,8.0,3.6,25.4
2024-08-01,79.0,30.8,28.6,6.2,0.0,25.7
2024-08-02,89.0,29.3,27.1,2.3,,26.5
2024-08-03,86.0,29.5,27.1,1.8,21.8,25.1
2024-08-04,83.0,30.4,27.7,5.3,4.0,25.0
2024-08-05,82.0,30.6,27.0,0.8,80.21399999999983,23.7
2024-08-06,90.0,28.5,25.7,4.3,1.4,24.4
2024-08-07,95.0,28.9,25.427999999999997,5.7,10.7,24.4
2024-08-08,82.0,30.4,26.2,1.4,59.9,23.4
2024-08-09,86.0,30.1,26.5,0.0,80.21399999999983,23.5
2024-08-10,79.0,31.3,27.4,8.0,19.0,23.3
2024-08-11,76.0,30.3,27.6,0.0,0.0,25.6
2024-08-12,84.0,29.7,26.3,0.5,0.2,24.9
2024-08-13,82.0,30.0,27.4,2.5,,25.0
2024-08-14,92.0,29.2,26.3,5.3,11.1,25.4
2024-08-15,95.0,28.1,26.1,4.7,0.7,24.4
2024-08-16,82.0,30.0,27.3,0.0,80.21399999999983,24.0
2024-08-17,85.0,30.2,26.6,5.0,,25.0
2024-08-18,87.0,29.2,26.8,4.7,5.4,24.7
2024-08-19,87.0,29.4,27.0,6.3,29.5,24.7
2024-08-20,82.0,29.7,27.2,0.9,58.5,24.1
2024-08-21,90.0,28.4,26.6,3.3,13.1,25.6
2024-08-22,94.0,27.2729,25.7,3.1,2.5,24.9
2024-08-23,84.0,30.8,27.0,0.1,7.0,24.0
2024-08-24,84.0,28.0,26.2,1.5,1.1,24.7
2024-08-25,91.0,28.0,25.6,3.0,12.6,24.6
2024-08-26,82.0,30.0,27.3,2.1,25.2,24.2
2024-08-27,95.0,28.3,25.427999999999997,0.2,52.0,24.7
2024-08-28,91.0,29.6,26.4,8.0,59.1,24.1
2024-08-29,82.0,31.2,27.5,1.3,0.3,24.8
2024-08-30,82.0,29.8,26.9,0.0,0.6,24.7
2024-08-31,82.0,31.4,28.0,8.0,,25.1
2024-09-01,80.0,31.5,27.6,6.6,15.0,24.1
2024-09-02,83.0,31.2,27.7,5.5,9.5,25.1
2024-09-03,75.0,31.3,28.3,5.5,0.8,25.6
2024-09-04,82.0,31.9,28.5,0.0,0.0,25.8
2024-09-05,78.0,31.8,27.3,0.0,0.7,24.7
2024-09-06,84.0,31.4,27.3,0.0,6.6,25.1
2024-09-07,82.0,31.3,28.2,0.0,0.1,24.9
2024-09-08,87.0,30.3,27.5,0.1,2.9,25.0
2024-09-09,82.0,31.9,27.9,3.9,0.9,25.8
2024-09-10,73.0,31.3,28.4,2.7,0.0,26.0
2024-09-11,75.0,31.9,28.1,6.1,0.0,26.0
2024-09-12,70.0,31.9,27.9,0.0,0.0,24.8
2024-09-13,73.0,31.7,28.3,2.0,0.0,25.6
2024-09-14,68.0,32.1,27.8,2.1,0.0,25.3
2024-09-15,68.0,31.0,28.7,0.2,0.0,25.6
2024-09-16,71.0,31.3,28.7,3.4,0.0,25.4
2024-09-17,76.0,31.5,28.1,4.4,0.0,25.6
2024-09-18,78.0,31.4,28.4,8.0,0.0,25.9
2024-09-19,77.0,32.3,28.4,4.0,0.0,26.4
2024-09-20,75.0,32.4,28.6,4.4,0.0,26.1
2024-09-21,80.0,31.3,28.6,8.0,0.0,26.2
2024-09-22,79.0,32.7,28.9,2.1,0.0,26.1
2024-09-23,78.0,33.2,28.4,8.0,0.0,26.4
2024-09-24,74.0,33.8,29.3,1.3,0.0,25.7
2024-09-25,79.0,30.4,28.4,7.0,0.1,26.6
2024-09-26,84.0,32.4,27.8,2.8,6.5,24.3
2024-09-27,84.0,31.1,26.7,4.1,45.4,23.8
2024-09-28,77.0,32.2,28.6,4.5,1.9,24.8
2024-09-29,81.0,32.2,28.5,0.0,0.0,25.9
2024-09-30,93.0,28.6,26.4,8.0,63.5,24.3
2024-10-01,79.0,31.9,28.2,8.0,28.0,24.0
2024-10-02,81.0,30.9,28.0,6.4,,25.9
2024-10-03,85.0,30.2,26.8,0.0,,25.4
2024-10-04,81.0,32.8,28.0,1.2,0.8,24.9
2024-10-05,79.0,31.3,27.8,3.2,0.6,25.4
2024-10-06,81.0,31.5,27.9,6.0,2.1,25.7
2024-10-07,82.0,31.4,27.8,8.0,5.7,25.8
2024-10-08,75.0,31.3,28.4,5.6,,26.6
2024-10-09,81.0,32.1,27.8,2.3,26.1,24.7
2024-10-10,86.0,31.4,26.8,2.6,20.0,24.6
2024-10-11,80.0,31.9,28.0,0.5,4.8,24.8
2024-10-12,80.0,32.9,28.8,5.8,0.0,25.0
2024-10-13,80.0,31.5,27.6,5.8,,26.6
2024-10-14,85.0,30.6,27.3,8.0,10.0,25.0
2024-10-15,83.0,32.4,28.0,8.0,,25.1
2024-10-16,71.0,32.6,28.8,6.1,,24.9
2024-10-17,87.0,30.0,26.9,8.0,14.9,25.2
2024-10-18,80.0,29.2,26.8,5.6,0.0,25.4
2024-10-19,77.0,31.4,27.8,1.6,,26.0
2024-10-20,78.0,32.1,28.4,0.8,,25.6
2024-10-21,74.0,29.3,27.3,0.0,0.0,25.2
2024-10-22,75.0,31.8,28.7,0.0,1.4,25.1
2024-10-23,79.0,31.4,29.1,0.0,23.1,23.9
2024-10-24,78.0,32.4,29.1,3.5,0.0,26.3
2024-10-25,76.0,31.8,29.2,0.0,0.0,27.0937
2024-10-26,74.0,32.9,29.672000000000004,3.1,0.0,26.6
2024-10-27,75.0,32.4,29.5,4.9,0.0,24.8
2024-10-28,78.0,32.5,29.1,1.0,0.0,25.8
2024-10-29,81.0,32.3,28.2,2.6,59.9,23.9
2024-10-30,75.0,32.3,29.1,8.0,2.4,26.3
2024-10-31,83.0,31.6,28.3,8.0,0.0,24.0
2024-11-01,78.0,31.5,27.9,4.6,9.5,25.1
2024-11-02,77.0,33.0,28.5,4.9,,25.4
2024-11-03,86.0,31.5,26.4,6.5,13.9,24.1
2024-11-04,74.0,32.5,28.2,5.0,0.0,24.8
2024-11-05,76.0,32.5,28.5,8.0,11.3,24.7
2024-11-06,81.0,31.8,27.9,7.5,0.0,24.9
2024-11-07,81.0,31.9,27.8,4.5,3.1,25.3
2024-11-08,80.0,33.1,29.0,5.3,12.7,24.8
2024-11-09,82.0,32.7,28.6,8.0,2.5,25.4
2024-11-10,76.0,32.2,28.8,5.8,,26.2
2024-11-11,84.0,29.9,27.3,6.3,,26.0
2024-11-12,83.0,32.2,28.2,0.0,45.9,24.7
2024-11-13,76.0,33.1,29.0,8.0,0.0,25.5
2024-11-14,77.0,32.4,28.6,8.0,1.1,25.8
2024-11-15,76.0,32.8,28.8,4.6,1.4,25.2
2024-11-16,78.0,32.7,28.8,7.5,,25.5
2024-11-17,82.0,32.6,28.2,4.4,0.0,25.4
2024-11-18,85.0,32.0,26.9,2.8,0.6,25.4
2024-11-19,86.0,30.4,27.3,0.5,55.9,24.4
2024-11-20,80.0,29.6,27.2,2.5,,25.0
2024-11-21,88.0,31.9,27.8,0.0,,25.5
2024-11-22,87.0,31.4,27.6,3.6,3.8,25.4
2024-11-23,83.0,29.6,27.6,5.1,14.0,25.0
2024-11-24,81.0,31.7,28.0,0.8,1.5,25.1
2024-11-25,85.0,31.1,27.8,3.8,8.8,25.4
2024-11-26,80.0,32.9,27.8,1.8,0.3,24.2
2024-11-27,78.0,32.3,28.5,5.1,,25.0
2024-11-28,86.0,32.2,27.1,4.8,50.8,24.2
2024-11-29,77.0,32.7,28.5,1.9,5.0,24.8
2024-11-30,88.0,30.7,26.7,6.0,2.4,25.0
2024-12-01,92.0,28.7,26.0,2.3,37.2,24.2
2024-12-02,85.0,32.2,28.1,0.0,4.1,24.9
2024-12-03,95.0,30.9,26.1,5.9,1.2,25.7
2024-12-04,75.0,32.4,28.4,0.3,38.1,24.8
2024-12-05,74.0,30.4,27.4,6.2,0.7,25.7
2024-12-06,71.0,32.1,27.8,0.4,0.8,24.0
2024-12-07,82.0,31.9,27.3,3.4,5.0,23.8
2024-12-08,74.0,33.6,28.3,6.3,0.2,24.2
2024-12-09,78.0,30.5,27.9,8.0,0.0,25.4
2024-12-10,78.0,32.2,28.6,0.9,0.0,25.8
2024-12-11,83.0,31.1,27.3,1.5,2.0,24.5
2024-12-12,82.0,31.9,27.7,0.4,10.9,25.0
2024-12-13,90.0,29.4,26.5,2.7,49.2,24.8
2024-12-14,81.0,31.4,28.4,0.0,4.1,25.0
2024-12-15,85.0,30.3,26.4,4.0,14.0,23.6
2024-12-16,89.0,27.8,26.2,0.8,4.5,24.0
2024-12-17,88.0,29.8,26.8,0.0,2.7,23.8
2024-12-18,76.0,32.5,28.5,0.2,2.4,24.2
2024-12-19,79.0,32.0,27.5,8.0,1.2,25.5
2024-12-20,79.0,32.8,28.3,1.1,,25.4
2024-12-21,83.0,32.7,28.0,6.7,16.0,24.7
2024-12-22,90.0,31.8,26.3,7.5,73.3,23.4
2024-12-23,80.0,31.5,28.0,3.6,4.8,24.1
2024-12-24,80.0,32.7,28.1,2.7,18.6,24.8
2024-12-25,78.0,30.3,27.1,5.3,0.2,25.2
2024-12-26,81.0,31.1,27.7,0.2,0.8,25.6
2024-12-27,80.0,31.9,27.8,2.3,4.9,24.6
2024-12-28,83.0,33.1,27.9,1.8,0.0,24.8
2024-12-29,80.0,32.4,27.6,5.6,15.2,24.4
2024-12-30,75.0,31.5,27.3,3.9,8.1,23.9
2024-12-31,83.0,31.2,27.4,3.0,8.2,24.1
2025-01-01,91.0,28.9,26.2,1.8,42.0,24.4
2025-01-02,91.0,28.5,25.8,0.0,3.2,23.9
2025-01-03,88.0,32.5,26.6,0.0,35.4,24.4
2025-01-04,82.0,30.7,27.1,8.0,10.9,24.4
2025-01-05,84.0,31.9,27.2,1.0,0.0,24.2
2025-01-06,77.0,31.7,27.9,6.5,5.3,25.2
2025-01-07,86.0,30.5,27.5,3.6,0.0,25.8
2025-01-08,86.0,29.2,26.3,1.5,8.7,24.4
2025-01-09,91.0,29.2,25.6,0.0,56.2,23.1
2025-01-10,80.0,32.1,27.9,1.1,3.3,24.4
2025-01-11,84.0,33.0,27.2,8.0,1.5,24.4
2025-01-12,75.0,33.3,28.5,8.0,0.0,25.0
2025-01-13,89.0,30.8,26.7,7.8,21.9,24.5
2025-01-14,90.0,32.3,26.6,0.4,9.5,24.0
2025-01-15,88.0,31.1,26.4,4.8,80.21399999999983,24.1
2025-01-16,80.0,33.6,27.8,1.2,18.3,24.4
2025-01-17,79.0,32.3,27.8,8.0,0.3,24.4
2025-01-18,74.0,33.4,28.4,6.2,0.0,25.4
2025-01-19,83.0,31.9,27.3,7.6,,25.7
2025-01-20,80.0,32.1,26.9,2.4,20.6,23.4
2025-01-21,87.0,30.9,26.6,7.2,13.9,23.9
2025-01-22,84.0,31.0,27.1,6.7,43.0,23.9
2025-01-23,80.0,32.1,27.6,3.9,13.5,23.7
2025-01-24,89.0,31.0,26.1,2.7,58.5,23.8
2025-01-25,81.0,32.3,27.6,1.5,0.4,24.4
2025-01-26,88.0,28.8,25.9,6.1,0.0,25.4
2025-01-27,80.0,32.0,27.1,7.0,24.3,23.2
2025-01-28,83.0,32.1,27.1,5.2,1.5,24.6
2025-01-29,92.0,28.9,26.0,0.9,11.2,24.5
2025-01-30,87.0,29.6,26.2,0.5,28.5,24.3
2025-01-31,85.0,30.4,26.8,0.3,2.5,24.3
2025-02-01,81.0,30.3,26.9,0.5,0.0,25.0
2025-02-02,76.0,32.4,28.2,0.4,,25.2
2025-02-03,78.0,33.7,28.3,6.5,0.0,26.4
2025-02-04,73.0,33.3,28.6,3.1,,24.7
2025-02-05,75.0,33.5,28.7,7.0,0.0,25.4
2025-02-06,78.0,30.3,28.0,8.0,,25.1
2025-02-07,82.0,30.7,27.5,0.0,0.4,25.8
2025-02-08,85.0,33.0,27.2,0.6,12.0,23.8
2025-02-09,79.0,32.2,28.6,6.6,10.2,25.4
2025-02-10,81.0,32.6,27.6,4.3,1.7,24.6
2025-02-11,79.0,32.8,28.3,5.7,,25.7
2025-02-12,77.0,31.4,27.5,7.8,1.5,24.1
2025-02-13,81.0,32.4,27.2,1.8,0.1,24.8
2025-02-14,79.0,33.1,27.7,3.0,1.7,24.8
2025-02-15,80.0,32.9,28.2,2.7,0.0,25.5
2025-02-16,88.0,31.7,27.2,8.0,16.0,25.1
2025-02-17,85.0,29.5,26.3,3.8,32.1,24.1
2025-02-18,90.0,31.1,26.1,1.7,,24.1
2025-02-19,83.0,32.0,26.9,2.3,63.8,23.0684
2025-02-20,81.0,28.6,26.3,8.0,,23.2
2025-02-21,79.0,31.8,28.0,1.3,1.2,23.7
2025-02-22,83.0,31.0,27.5,6.5,10.0,24.8
2025-02-23,88.0,29.4,25.7,2.8,2.9,25.0
2025-02-24,83.0,31.3,26.7,0.0,0.9,24.4
2025-02-25,83.0,32.4,27.3,1.4,0.4,24.4
2025-02-26,81.0,32.1,27.3,6.3,2.6,24.4
2025-02-27,84.0,31.1,27.2,4.2,,24.6
2025-02-28,82.0,32.2,27.7,1.4,,24.6
2025-03-01,81.0,32.5,28.2,5.3,10.5,24.5
2025-03-02,80.0,31.6,27.7,5.0,0.0,25.2
2025-03-03,82.0,32.7,28.4,0.6,,24.9
2025-03-04,83.0,32.2,28.2,4.2,7.5,25.2
2025-03-05,89.0,29.8,27.3,2.0,9.8,25.6
2025-03-06,85.0,32.3,27.2,0.2,0.2,25.2
2025-03-07,86.0,31.6,26.3,7.3,80.21399999999983,23.6
2025-03-08,86.0,31.8,26.2,3.1,16.8,24.1
2025-03-09,79.0,33.1,28.2,0.2,,24.8
2025-03-10,71.0,33.7,28.7,8.0,,25.2
2025-03-11,84.0,32.8,26.6,6.2,59.1,23.4
2025-03-12,83.0,31.5,26.9,4.0,5.4,23.6
2025-03-13,85.0,31.0,27.2,2.3,,24.8
2025-03-14,82.0,32.5,27.6,3.3,1.1,25.1
2025-03-15,89.0,31.9,27.0,6.1,0.0,25.2
2025-03-16,81.0,30.9,26.9,3.6,27.8,24.0
2025-03-17,90.0,28.3,25.5,2.4,28.1,23.9
2025-03-18,79.0,32.8,27.6,0.0,6.4,23.6
2025-03-19,89.0,31.8,26.5,8.0,55.7,24.0
2025-03-20,91.0,27.4,25.7,6.6,4.1,24.0
2025-03-21,81.0,31.9,27.0,0.0,9.8,24.4
2025-03-22,90.0,30.4,26.6,0.1,2.5,24.8
2025-03-23,82.0,32.0,27.2,2.1,15.0,24.0
2025-03-24,79.0,32.2,27.6,6.0,3.9,23.2
2025-03-25,81.0,31.5,27.2,4.8,3.2,24.0
2025-03-26,82.0,32.9,28.5,4.6,0.1,26.0
2025-03-27,83.0,32.8,28.9,6.9,0.0,26.2
2025-03-28,85.0,33.3,28.1,8.0,,26.3
2025-03-29,80.0,32.6,28.4,7.8,10.5,23.0684
2025-03-30,88.0,28.2,26.0,6.2,2.7,24.8
2025-03-31,78.0,32.4,27.9,0.0,0.1,24.7
2025-04-01,87.0,29.3,26.2,7.3,19.4,24.3
2025-04-02,82.0,31.3,27.6,0.0,2.5,24.1
2025-04-03,84.0,32.1,26.9,7.0,,24.2
2025-04-04,79.0,31.9,27.1,6.2,3.8,24.3
2025-04-05,84.0,30.0,26.3,2.3,24.0,23.4
2025-04-06,81.0,28.4,26.6,0.0,,23.8
2025-04-07,80.0,32.4,28.2,0.1,,25.0
2025-04-08,78.0,33.0,28.6,8.0,0.0,25.1
2025-04-09,83.0,31.7,27.3,6.9,14.0,24.8
2025-04-10,80.0,32.3,28.1,2.5,0.4,25.2
2025-04-11,95.0,29.4,25.427999999999997,5.8,4.1,24.6
2025-04-12,83.0,32.5,27.7,0.0,17.4,23.7
2025-04-13,82.0,32.3,27.8,8.0,0.8,24.2
2025-04-14,85.0,32.4,28.2,4.2,7.4,25.7
2025-04-15,89.0,28.5,26.0,7.8,3.5,24.8
2025-04-16,82.0,32.7,28.4,0.0,4.5,24.9
2025-04-17,84.0,32.3,27.4,8.0,2.0,25.1
2025-04-18,89.0,31.0,26.5,3.2,18.2,23.0684
2025-04-19,84.0,30.3,28.1,0.3,1.3,24.1
2025-04-20,77.0,33.1,29.0,8.0,0.0,25.4
2025-04-21,82.0,31.8,26.9,8.0,56.5,23.3
2025-04-22,82.0,30.9,27.6,5.1,0.0,23.9
2025-04-23,78.0,32.8,28.2,0.7,0.0,24.7
2025-04-24,83.0,32.0,27.6,3.6,0.0,25.8
2025-04-25,86.0,31.8,27.3,0.5,13.0,23.6
2025-04-26,79.0,32.4,28.0,1.7,22.1,24.6
2025-04-27,86.0,30.8,27.1,2.6,51.5,24.6
2025-04-28,84.0,31.9,27.3,0.3,4.0,24.4
2025-04-29,95.0,30.7,26.2,3.4,2.0,24.9
2025-04-30,84.0,31.8,27.3,1.1,4.7,24.4
2025-05-01,82.0,32.3,28.2,6.7,0.0,25.8
2025-05-02,83.0,31.7,27.6,5.4,5.3,25.7
2025-05-03,82.0,32.4,28.5,0.8,0.0,24.8
2025-05-04,77.0,32.8,28.9,8.0,0.0,24.6
2025-05-05,78.0,31.7,28.4,8.0,1.0,25.4
2025-05-06,80.0,32.6,28.5,5.8,42.0,24.1
2025-05-07,75.0,32.0,28.0,7.5,,24.7
2025-05-08,73.0,33.1,29.3,6.0,0.0,24.4
2025-05-09,80.0,30.2,28.2,8.0,0.0,26.9
2025-05-10,79.0,32.1,28.5,0.9,2.3,24.2
2025-05-11,81.0,33.0,28.9,3.2,0.3,25.8
2025-05-12,95.0,29.7,25.6,7.5,25.0,24.3
2025-05-13,82.0,32.4,28.5,0.0,7.4,24.7
2025-05-14,86.0,31.7,27.1,7.6,20.5,24.2
2025-05-15,84.0,32.9,28.7,5.0,,24.4
2025-05-16,74.0,33.1,29.1,8.0,0.0,25.9
2025-05-17,86.0,32.4,27.2,8.0,19.5,24.5
2025-05-18,86.0,32.6,27.5,1.9,5.7,24.3
2025-05-19,81.0,32.2,28.2,8.0,0.0,24.8
2025-05-20,88.0,29.7,26.9,7.5,0.8,25.1
2025-05-21,92.0,28.9,27.0,0.0,11.0,25.5
2025-05-22,85.0,32.9,28.1,0.0,1.0,23.8
2025-05-23,83.0,32.8,27.2,4.5,10.0,23.0684
2025-05-24,85.0,32.8,28.7,4.1,0.6,23.5
2025-05-25,79.0,32.8,28.8,7.8,,25.6
2025-05-26,79.0,32.8,29.0,8.0,0.0,26.2
2025-05-27,94.0,30.3,25.8,6.1,6.0,25.3
2025-05-28,87.0,31.9,27.6,0.0,53.2,23.5
2025-05-29,80.0,33.0,29.1,8.0,0.0,26.0
2025-05-30,81.0,32.4,27.9,8.0,23.0,23.9
2025-05-31,91.0,31.6,26.9,6.8,12.5,24.4
2025-06-01,95.0,27.9,25.6,2.2,50.7,24.2
2025-06-02,90.0,29.1,25.427999999999997,0.0,3.3,24.7
2025-06-03,85.0,30.7,27.3,0.0,31.4,23.0684
2025-06-04,86.0,33.1,27.8,0.0,0.0,25.6
2025-06-05,82.0,32.3,28.3,6.2,0.5,24.4
2025-06-06,79.0,32.4,28.5,8.0,0.0,25.9
2025-06-07,76.0,31.7,28.3,7.5,,25.4
2025-06-08,78.0,31.9,28.4,1.5,,26.0
2025-06-09,79.0,32.3,28.3,4.0,0.0,24.3
2025-06-10,80.0,31.5,28.4,8.0,1.0,25.6
2025-06-11,89.0,32.4,27.1,5.4,59.5,24.2
2025-06-12,83.0,30.4,28.2,2.0,1.6,25.3
2025-06-13,80.0,33.0,28.6,0.0,2.2,25.2
2025-06-14,90.0,29.7,26.5,8.0,0.0,26.2
2025-06-15,84.0,31.1,28.0,0.2,4.5,25.3
2025-06-16,84.0,31.6,28.1,5.1,,25.4
2025-06-17,85.0,31.0,27.8,7.6,9.5,25.2
2025-06-18,85.0,31.4,27.7,7.1,6.0,24.7
2025-06-19,90.0,28.2,25.6,3.5,13.9,24.1
2025-06-20,84.0,27.3,25.427999999999997,0.2,80.21399999999983,23.1
2025-06-21,81.0,31.2,27.1,0.0,0.4,23.4
2025-06-22,80.0,30.7,26.9,3.3,9.7,23.7
2025-06-23,84.0,31.0,27.2,1.9,,24.3
2025-06-24,83.0,29.3,26.4,8.0,0.0,24.8
2025-06-25,83.0,30.7,27.4,0.8,,24.8
2025-06-26,86.0,30.7,27.1,4.6,1.0,24.5
2025-06-27,86.0,31.3,27.7,3.0,,25.4
2025-06-28,84.0,31.0,27.2,2.7,,25.8
2025-06-29,83.0,30.4,27.1,3.6,0.1,24.8
2025-06-30,86.0,30.0,25.6,4.8,,25.2
2025-07-01,85.0,31.3,27.2,0.0,1.5,23.5
2025-07-02,82.0,30.6,26.7,8.0,17.5,23.0684
2025-07-03,81.0,31.4,27.5,7.6,,24.5
2025-07-04,83.0,31.0,26.8,8.0,0.0,24.8
2025-07-05,85.0,29.4,26.7,5.5,0.0,24.0
2025-07-06,83.0,30.7,27.8,0.5,1.0,25.0
2025-07-07,88.0,28.9,25.9,8.0,3.8,24.1
2025-07-08,82.0,30.9,26.7,0.0,5.3,23.9
2025-07-09,82.0,30.8,27.8,6.4,0.0,24.3
2025-07-10,84.0,30.0,27.1,8.0,,25.3
2025-07-11,88.0,30.2,26.7,2.2,10.0,24.2
2025-07-12,88.0,31.3,26.7,2.1,,24.7
2025-07-13,85.0,31.3,27.4,1.5,3.0,23.7
2025-07-14,86.0,31.7,28.3,7.1,0.0,25.1
2025-07-15,94.0,28.8,25.5,6.4,7.0,24.5
2025-07-16,86.0,30.4,27.1,0.0,57.3,24.0
2025-07-17,95.0,28.1,25.427999999999997,2.3,16.7,23.5
2025-07-18,83.0,29.4,26.8,0.0,20.4,24.0
2025-07-19,77.0,30.1,26.9,5.5,,25.1
2025-07-20,79.0,30.1,26.9,5.0,0.0,25.0
2025-07-21,81.0,30.3,26.6,8.0,0.0,24.2
2025-07-22,83.0,30.7,27.4,8.0,0.0,24.1
2025-07-23,86.0,31.3,27.9,8.0,0.0,25.1
2025-07-24,86.0,31.4,28.3,8.0,0.0,26.2
2025-07-25,84.0,31.8,28.6,8.0,0.0,26.4
2025-07-26,82.0,31.6,28.7,8.0,0.0,26.0
2025-07-27,76.0,32.6,28.2,8.0,0.0,24.6
2025-07-28,83.0,31.6,28.1,0.0,0.0,25.8
2025-07-29,84.0,31.4,27.8,8.0,0.0,26.4
2025-07-30,83.0,31.7,28.0,7.3,0.0,25.7
2025-07-31,86.0,30.8,27.9,8.0,,25.7
2025-08-01,78.0,32.2,29.2,4.3,,25.9
2025-08-02,83.0,31.1,28.1,8.0,0.0,26.8
2025-08-03,87.0,30.8,27.1,6.2,1.2,26.2
2025-08-04,88.0,29.5,26.5,2.3,28.0,24.4
2025-08-05,83.0,30.6,27.4,1.8,5.0,25.1
2025-08-06,83.0,30.4,27.4,5.3,2.8,25.0
2025-08-07,84.0,31.3,27.4,0.8,0.7,24.9
2025-08-08,85.0,31.1,27.6,4.3,,24.7
2025-08-09,89.0,29.4,26.3,5.7,,25.3
2025-08-10,89.0,27.2729,25.9,1.4,6.5,24.4
2025-08-11,85.0,30.9,26.8,0.0,4.0,23.7
2025-08-12,86.0,29.7,26.5,8.0,,24.7
2025-08-13,83.0,29.9,26.0,0.0,68.0,23.0684
2025-08-14,87.0,30.0,25.6,0.5,2.2,23.7
2025-08-15,86.0,30.7,26.0,2.5,,23.4
2025-08-16,84.0,30.4,27.1,5.3,5.7,24.4
2025-08-17,89.0,28.5,25.9,4.7,0.0,25.3
2025-08-18,85.0,31.0,27.1,0.0,7.1,24.6
2025-08-19,86.0,31.2,27.0,5.0,1.0,24.7
2025-08-20,87.0,29.9,26.5,4.7,40.3,23.3
2025-08-21,80.0,29.5,26.3,6.3,1.0,24.0
2025-08-22,83.0,30.7,27.1,0.9,,24.6
2025-08-23,84.0,30.4,27.3,3.3,0.0,25.0
2025-08-24,85.0,30.0,26.6,3.1,,25.7
2025-08-25,80.0,30.1,27.0,0.1,3.2,23.8
2025-08-26,86.0,29.8,26.1,1.5,4.0,23.1
2025-08-27,84.0,29.8,26.7,3.0,,24.0
2025-08-28,84.0,29.1,27.0,2.1,0.0,24.5
2025-08-29,82.0,31.0,27.4,0.2,,23.5
2025-08-30,84.0,29.4,27.1,8.0,,24.3
2025-08-31,92.0,28.2,25.6,1.3,17.3,23.2
2025-09-01,83.0,30.5,27.0,0.0,48.0,23.4
2025-09-02,82.0,31.6,28.0,8.0,0.0,25.3
2025-09-03,86.0,31.1,26.9,6.6,13.0,24.1
2025-09-04,75.0,31.6,27.9,5.5,0.0,24.5
2025-09-05,89.0,29.4,26.0,5.5,5.0,24.2
2025-09-06,89.0,29.2,25.8,0.0,80.21399999999983,23.0684
2025-09-07,87.0,28.9,26.8,0.0,0.2,24.2
2025-09-08,87.0,29.9,27.0,0.0,5.2,24.3
2025-09-09,90.0,27.7,26.3,0.0,,24.9
2025-09-10,87.0,31.4,27.3,0.1,10.8,24.1
2025-09-11,86.0,30.9,26.7,3.9,,24.4
2025-09-12,86.0,30.7,27.1,2.7,2.9,24.8
2025-09-13,87.0,30.8,27.3,6.1,80.21399999999983,23.2
2025-09-14,86.0,28.6,26.5,0.0,27.2,23.3
2025-09-15,86.0,30.4,26.7,2.0,1.5,24.8
2025-09-16,88.0,28.6,26.7,2.1,2.0,24.6
2025-09-17,86.0,30.6,26.9,0.2,0.8,25.1
2025-09-18,78.0,30.9,27.1,3.4,0.5,24.5
2025-09-19,85.0,31.6,27.8,4.4,1.3,24.4
2025-09-20,86.0,31.1,27.7,8.0,0.0,25.2
2025-09-21,84.0,31.6,27.4,4.0,1.5,24.4
2025-09-22,80.0,31.6,28.7,4.4,1.0,24.4
2025-09-23,82.0,30.4,27.6,8.0,0.0,24.5
2025-09-24,83.0,31.7,28.2,2.1,0.0,25.4
2025-09-25,78.0,30.8,27.8,8.0,0.0,25.4
2025-09-26,83.0,32.4,28.4,1.3,37.5,23.5
2025-09-27,80.0,31.2,28.2,7.0,0.0,25.3
2025-09-28,85.0,31.6,27.8,2.8,0.2,25.7
2025-09-29,87.0,31.9,27.6,4.1,0.0,24.8
2025-09-30,91.0,29.3,26.3,4.5,11.8,23.5
2025-10-01,82.0,32.0,28.3,0.0,1.0,24.6
2025-10-02,81.0,32.0,28.6,8.0,0.0,25.0
2025-10-03,82.0,31.9,28.8,8.0,0.0,27.0
2025-10-04,93.0,27.3,25.427999999999997,6.4,78.5,23.0684
2025-10-05,86.0,30.4,26.5,0.0,3.0,23.6
2025-10-06,86.0,27.9,25.8,1.2,,24.3
2025-10-07,84.0,31.3,27.3,3.2,3.2,24.0
2025-10-08,78.0,31.5,28.4,6.0,0.0,24.4
2025-10-09,82.0,31.1,27.9,8.0,0.0,24.0
2025-10-10,85.0,31.5,27.0,5.6,,23.7
2025-10-11,83.0,32.1,28.6,2.3,0.0,24.0
2025-10-12,88.0,29.4,27.4,2.6,4.5,25.7
2025-10-13,85.0,34.2,28.1,0.5,2.0,24.9
2025-10-14,83.0,31.3,27.3,5.8,0.4,24.7
2025-10-15,82.0,32.6,28.2,5.8,,24.7
2025-10-16,82.0,33.4,29.0,8.0,0.0,25.8
2025-10-17,81.0,32.7,29.0,8.0,,25.6
2025-10-18,82.0,32.4,29.0,6.1,0.0,26.2
2025-10-19,86.0,31.7,28.7,8.0,79.5,24.4
2025-10-20,89.0,30.4,27.7,5.6,0.0,24.8
2025-10-21,89.0,29.5,27.1,1.6,1.4,24.5
2025-10-22,94.0,29.2,26.4,0.8,19.0,24.5
2025-10-23,85.0,29.9,28.0,0.0,0.1,25.2
2025-10-24,94.0,29.5,26.3,0.0,73.5,24.2
2025-10-25,95.0,29.8,26.6,0.0,1.0,25.1
2025-10-26,95.0,28.2,25.427999999999997,3.5,54.3,23.4
2025-10-27,89.0,30.3,27.1,0.0,5.8,23.7
2025-10-28,93.0,30.6,26.0,3.1,0.4,23.8
2025-10-29,87.0,29.6,27.4,4.9,3.5,24.4
2025-10-30,88.0,31.0,27.9,1.0,,25.5
2025-10-31,95.0,28.8,25.427999999999997,2.6,49.0,23.4
