TANGGAL,TN,TX,TAVG,RH_AVG,RR,SS
1/1/2023,25.15,29.33,28.35,74,8888,23.08
1/2/2023,25.78,28.78,28.33,76,2.6,15.72
1/3/2023,24.44,28.61,28.03,81,2.8,15.16
1/4/2023,26.51,28.6,27.74,78,1.58,18.59
1/5/2023,26.9,28.48,27.76,78,2.25,18.09
1/6/2023,24.34,28.12,27.52,82,5.31,18.19
1/7/2023,24.01,28.07,27.64,79,8888,14.92
1/8/2023,23.45,27.82,27.2,83,8.72,6.33
1/9/2023,25.3,26.83,26.55,86,0,16.28
1/10/2023,25.27,27.81,27.01,80,0,10.81
1/11/2023,25.44,28.12,27.34,79,1.75,16.66
1/12/2023,24.72,28.1,27.43,81,2.44,12.89
1/13/2023,24.09,28.92,28.1,78,8888,21.78
1/14/2023,24.87,28.41,28.14,78,0,17.97
1/15/2023,24.55,28.74,28.26,78,2.23,17.18
1/16/2023,25.42,29.24,28.49,77,8888,17
1/17/2023,25.64,28.71,28.22,79,7.41,19.48
1/18/2023,25.16,28.36,27.84,77,12.65,13.55
1/19/2023,26.73,27.71,27.2,80,11.59,16.94
1/20/2023,26.81,28.05,27.4,81,8.22,17.87
1/21/2023,26.83,27.76,27.32,81,10.2,9.49
1/22/2023,24.02,28.64,27.82,78,0,16.1
1/23/2023,26.56,27.29,26.94,85,0,16.67
1/24/2023,23.06,28.15,27.49,80,0,18.58
1/25/2023,23.2,27.28,26.81,86,13.5,11.63
1/26/2023,26.07,26.85,26.47,87,19.4,10.6
1/27/2023,26.42,27.82,27.14,81,4.02,12.34
1/28/2023,26.33,26.98,26.63,86,0,15.38
1/29/2023,26.07,27.11,26.71,85,5.22,13.41
1/30/2023,26.65,27.59,27.05,84,0,16.6
1/31/2023,26.62,27.76,27.3,82,8.59,15.27
2/1/2023,26.52,27.55,27.09,83,15.5,15.97
2/2/2023,26.1,27.23,26.71,84,12.09,15.81
2/3/2023,25.98,27.99,26.98,78,3.41,13.82
2/4/2023,26.36,28.37,27.38,79,8.2,19.5
2/5/2023,26.54,27.96,27.25,84,0,15.14
2/6/2023,26.65,27.71,27.16,82,5.27,13.46
2/7/2023,26.82,28.32,27.54,79,1.9,15.64
2/8/2023,26.64,27.92,27.29,82,4.42,19.35
2/9/2023,26.53,28.9,27.59,77,2.09,12.27
2/10/2023,26.75,28.19,27.52,83,8888,18.68
2/11/2023,24.14,28.23,27.8,85,8.07,19.92
2/12/2023,26.92,27.63,27.21,81,8.16,8.59
2/13/2023,26.15,27.68,26.96,84,10.23,13.68
2/14/2023,26.26,28.16,27.27,80,8888,16.87
2/15/2023,26.75,28.57,27.59,79,8888,17.73
2/16/2023,26.72,27.71,27.25,81,13.33,15.36
2/17/2023,26.75,27.9,27.22,84,5.27,11.9
2/18/2023,27,27.48,27.21,84,5.58,18.49
2/19/2023,26.84,27.74,27.41,85,7.05,21.82
2/20/2023,26.78,27.51,27.16,87,8888,12.87
2/21/2023,26.99,28.49,27.83,81,4.79,17.54
2/22/2023,26.91,28.05,27.23,87,8.08,19.86
2/23/2023,26.65,27.71,27.19,86,8.54,18.32
2/24/2023,26.7,27.73,27.26,85,10.57,7.04
2/25/2023,26.8,27.28,27.09,83,0,11.12
2/26/2023,26.6,27.7,27.23,82,0,19.03
2/27/2023,26.54,28.36,27.42,83,12.22,19.56
2/28/2023,26.28,27.32,26.88,88,21.85,11.71
3/1/2023,25.72,27.14,26.4,83,8888,10.4
3/2/2023,25.87,28.39,27.21,77,0,23.23
3/3/2023,26.82,27.53,27.22,82,7.03,11.35
3/4/2023,26.29,27.54,27.13,83,7.46,17.71
3/5/2023,25.79,27.6,26.63,83,6.11,15.23
3/6/2023,26.19,27.55,27.07,82,8888,22.57
3/7/2023,26.98,27.91,27.49,82,5.45,14.41
3/8/2023,26.99,28.27,27.64,84,8.58,16.61
3/9/2023,26.91,28.13,27.62,83,6.41,20.81
3/10/2023,24.09,28.61,27.86,79,4.62,17.21
3/11/2023,24.37,28.43,27.91,79,8888,21.77
3/12/2023,25.15,28.29,27.59,83,12.54,8.99
3/13/2023,26.44,27.27,26.85,82,19.42,15.33
3/14/2023,26.14,27.37,26.71,81,0,16.23
3/15/2023,26.39,27.5,27,80,9.28,19.91
3/16/2023,27.31,28.08,27.63,82,6.5,15.72
3/17/2023,27.1,28.22,27.71,83,5.21,14.03
3/18/2023,27.2,28.38,27.94,79,4.41,23.02
3/19/2023,27.65,28.78,28.3,79,1.55,23.43
3/20/2023,27.98,28.32,28.17,80,5.92,15.55
3/21/2023,27.42,28.93,28.13,79,4.54,13.77
3/22/2023,27.36,28.78,28.04,80,4.05,19.88
3/23/2023,26.92,28.18,27.66,84,0,14.76
3/24/2023,24.51,29.01,28.29,81,0,23.57
3/25/2023,24.69,28.25,27.91,85,0,19.97
3/26/2023,26.71,27.6,26.99,85,0,10.57
3/27/2023,26.72,28.42,27.47,83,0,21.24
3/28/2023,26.51,28.01,27.31,79,0,18.15
3/29/2023,27.55,28.82,28.13,74,1.85,20.19
3/30/2023,27.07,27.98,27.48,81,6.08,14.26
3/31/2023,26.27,27.63,27.05,82,17.91,20.76
4/1/2023,26.43,27.91,27.2,82,10.07,15.97
4/2/2023,25.96,27.03,26.63,86,6.29,18.03
4/3/2023,26.91,28.88,27.93,77,11.2,13.2
4/4/2023,26.4,27.52,27.02,83,44.94,12.41
4/5/2023,26.2,27.52,26.92,81,2.17,6.48
4/6/2023,24.32,28.49,27.83,77,8888,20.52
4/7/2023,26,27.28,26.72,83,22.23,12.46
4/8/2023,26.79,28.63,27.81,77,5.12,19.29
4/9/2023,25.03,28.35,27.83,78,5.55,21.83
4/10/2023,26.82,28.07,27.65,84,14.08,18.67
4/11/2023,25.6,28.37,28.06,82,8888,21.64
4/12/2023,25.98,29.1,28.65,78,8888,20.56
4/13/2023,25.99,29.4,28.73,80,5.65,15.91
4/14/2023,24.75,28.4,28.06,85,7.86,9.59
4/15/2023,24.6,28.29,27.99,82,8888,15.47
4/16/2023,24.44,28.33,27.97,83,5.13,13.87
4/17/2023,25.7,28.72,28.15,81,3.17,21.43
4/18/2023,24.65,28.77,28.26,81,0,21.76
4/19/2023,26.87,28.59,28.2,83,6.53,19.12
4/20/2023,26.94,28.94,28.53,79,4.08,15.47
4/21/2023,26.06,28.78,28.38,82,0,21.12
4/22/2023,25.04,28.75,28.36,82,8.28,12.78
4/23/2023,25.25,29.22,28.81,78,1.71,21.59
4/24/2023,24.31,29.36,28.88,79,7.76,20.61
4/25/2023,24.09,28.6,28.39,81,8888,6.65
4/26/2023,25.25,29.49,28.86,76,1.21,23.06
4/27/2023,25.34,29.52,28.92,80,2.31,20.89
4/28/2023,26.19,29.11,28.72,83,8888,20.08
4/29/2023,26.01,28.69,28.27,82,6.15,16.66
4/30/2023,24.77,28.17,27.96,83,7.06,10.53
5/1/2023,24.73,28.76,28.33,80,4.25,20.59
5/2/2023,24.35,29.18,28.71,79,1.13,9.82
5/3/2023,24.11,29,28.55,81,1.26,21.25
5/4/2023,,29.31,28.76,82,0,21.52
5/5/2023,26.67,29.35,28.93,82,2.45,18.22
5/6/2023,26.27,29.32,28.61,85,5.36,13.41
5/7/2023,24.05,29.09,28.51,85,8.11,15.09
5/8/2023,24.64,29.06,28.38,81,6.56,5.08
5/9/2023,24.86,28.84,28.39,80,7.59,13.9
5/10/2023,25.65,28.74,28.16,81,8.01,10.21
5/11/2023,,29.61,28.93,78,8888,21.59
5/12/2023,,29.44,28.94,84,6.96,21.23
5/13/2023,25.02,29.57,28.86,85,7.41,20.28
5/14/2023,24.35,28.83,28.5,84,8.43,11.87
5/15/2023,25.74,28.74,28.31,83,6.16,17.46
5/16/2023,25.79,28.36,28.04,85,8888,8.82
5/17/2023,26.49,28.54,28.05,80,6.69,14.75
5/18/2023,24.04,28.75,28.33,84,8.41,13.64
5/19/2023,26.53,28.12,27.87,85,7.32,12.44
5/20/2023,26.63,28.47,28.05,83,2.18,20.77
5/21/2023,26.77,28.62,28.17,85,3.51,19.89
5/22/2023,26.68,28.4,28.05,84,8888,14.74
5/23/2023,26.81,28.57,28.14,84,8888,18.58
5/24/2023,26.68,28.11,27.85,87,11.96,11.66
5/25/2023,24.5,28.5,27.96,85,8.5,21.02
5/26/2023,24.7,28.35,27.94,86,5.9,11.32
5/27/2023,24.28,28.6,27.98,87,3.51,19.47
5/28/2023,25,28.66,28.28,86,2.9,16.53
5/29/2023,25.13,29.07,28.51,84,0.86,18.1
5/30/2023,25.27,29.08,28.55,83,1.62,20.25
5/31/2023,24.1,29.02,28.48,84,2.3,20.54
6/1/2023,24.91,28.37,28.18,89,4.23,18.83
6/2/2023,24.14,28.94,28.51,87,3.08,20.23
6/3/2023,26.15,28.7,28.4,87,8888,19.02
6/4/2023,26.92,28.48,28.18,86,8888,16.63
6/5/2023,26.15,27.83,27.47,89,8888,7.04
6/6/2023,26.95,28.05,27.59,87,9.14,20.19
6/7/2023,25.56,28.07,27.84,85,13.2,15.84
6/8/2023,25.65,28.78,28.18,82,4.36,17.59
6/9/2023,24.53,28.45,27.93,84,0,20.19
6/10/2023,24.61,28.61,28.08,85,4.84,18.41
6/11/2023,25.67,28.74,28.22,86,0,19.51
6/12/2023,25.62,28.16,27.9,86,5.89,14.42
6/13/2023,25.62,28.41,28.02,82,6.23,12.76
6/14/2023,25.54,28.38,27.8,82,8888,14.81
6/15/2023,25.12,27.99,27.52,83,8888,12.89
6/16/2023,26.97,27.91,27.46,83,8888,15.26
6/17/2023,26.06,27.59,27.27,83,5.69,5.72
6/18/2023,,28.14,27.65,81,7.13,12.25
6/19/2023,24.03,27.82,27.52,80,5.85,15.58
6/20/2023,26.52,27.57,26.85,85,14.49,4.55
6/21/2023,26.19,28.29,27.79,80,0.97,16.41
6/22/2023,24.29,28.24,27.73,83,1.13,21.3
6/23/2023,,28.51,27.85,82,0.31,19.87
6/24/2023,24.47,28.43,27.94,86,0,19.4
6/25/2023,24.48,28.5,27.97,85,3.13,17.17
6/26/2023,24.37,28.22,27.82,85,2.28,16.94
6/27/2023,24.56,28.19,27.93,85,6.46,13.59
6/28/2023,25.29,28.04,27.72,83,3.43,18.89
6/29/2023,24.44,28.22,27.83,84,3.13,19.84
6/30/2023,26.55,28.34,28.02,81,3.59,10.77
7/1/2023,26.7,28.67,28.19,81,0,20.12
7/2/2023,26.69,28.32,28.01,82,4.72,15.25
7/3/2023,26.64,27.78,27.21,86,12.92,5.56
7/4/2023,26.77,28.11,27.53,80,4.52,13.53
7/5/2023,24.71,28.59,28.06,78,1.78,17.04
7/6/2023,25.48,28.3,27.84,82,5.91,16.69
7/7/2023,26.78,27.79,27.41,83,8.59,12.45
7/8/2023,26.55,27.58,26.75,84,15.28,12
7/9/2023,26.89,28.01,27.59,80,1.61,18.75
7/10/2023,24.26,28.48,27.96,82,0.86,19.72
7/11/2023,24.95,28.94,28.38,81,0.39,18.1
7/12/2023,24.34,28.14,27.81,85,0,17.62
7/13/2023,26.84,27.54,27.08,86,0,9.4
7/14/2023,26.09,27.69,26.96,86,0,17.09
7/15/2023,26.96,28.16,27.52,84,0,10.79
7/16/2023,26.56,27.36,27,89,0,10.85
7/17/2023,26.82,28.16,27.56,85,0,16.85
7/18/2023,25.23,28.4,27.81,83,0,14.25
7/19/2023,25.47,28.17,27.83,85,2.68,16.18
7/20/2023,25.52,28.55,27.95,85,3.52,16.52
7/21/2023,25.16,27.74,27.4,87,9.81,12.38
7/22/2023,25.07,28.29,27.66,84,1.31,18.02
7/23/2023,,,,84,8888,17.5
7/24/2023,26.88,28.25,27.62,84,1.09,19.09
7/25/2023,24.33,28.47,27.79,82,0.14,19.8
7/26/2023,24.27,28.42,27.71,82,0.07,21.21
7/27/2023,26.99,28.17,27.54,82,0.1,21.74
7/28/2023,26.81,28.15,27.46,82,0.02,21.48
7/29/2023,26.88,28.12,27.39,82,8888,22.58
7/30/2023,26.6,28.01,27.31,84,0.18,20.85
7/31/2023,26.78,28.17,27.47,84,0.25,19.31
8/1/2023,26.92,28.35,27.65,86,8888,19.33
8/2/2023,26.35,28.49,27.9,85,8888,22.17
8/3/2023,26.8,27.82,27.38,84,8888,22.11
8/4/2023,26.09,27.92,27.5,85,8888,22.53
8/5/2023,26.99,28.12,27.54,87,6.63,16.42
8/6/2023,25.22,28.13,27.64,85,3.37,21.85
8/7/2023,25.32,28.3,27.68,82,1.88,20.38
8/8/2023,25.13,28.32,27.63,82,0.37,22.46
8/9/2023,26.99,28.2,27.53,81,8888,20.74
8/10/2023,24.07,28.31,27.5,83,0.67,20.74
8/11/2023,24.03,28.01,27.43,83,1.37,19.13
8/12/2023,26.63,27.66,27.14,83,0.29,20.41
8/13/2023,26.79,28.19,27.46,80,8888,20.59
8/14/2023,25.06,28.22,27.52,82,0.04,19.75
8/15/2023,26.94,28.48,27.65,84,0.11,18.29
8/16/2023,26.94,27.99,27.42,84,0.28,19.37
8/17/2023,26.88,28.08,27.46,84,0.27,22.16
8/18/2023,26.02,28.16,27.53,83,0,19.48
8/19/2023,25.1,28.36,27.65,83,0.34,20.82
8/20/2023,25.14,28.73,27.92,81,0.25,22.4
8/21/2023,24.57,28.68,27.93,80,0.24,21.39
8/22/2023,24.35,28.77,27.88,80,0.33,20.59
8/23/2023,24.14,28.38,27.71,83,1.76,14.21
8/24/2023,26.98,27.91,27.46,86,8888,18.57
8/25/2023,25.17,28.02,27.5,85,25.3,19
8/26/2023,25.03,28.34,27.61,84,2.72,16.07
8/27/2023,26.91,28.66,27.78,82,2.03,23.57
8/28/2023,26.91,28.33,27.62,82,1.14,22.55
8/29/2023,24.09,28.6,27.79,81,0.07,23.91
8/30/2023,26.79,28.53,27.59,82,0,21.96
8/31/2023,26.76,28.59,27.62,83,0,21.96
9/1/2023,25.08,28.15,27.57,83,0,20.21
9/2/2023,26.72,28.3,27.44,78,0,22.77
9/3/2023,26.86,28.35,27.46,79,0.01,21.26
9/4/2023,26.68,28.57,27.57,80,0.01,22.9
9/5/2023,26.84,28.62,27.69,84,0.79,20.84
9/6/2023,26.13,28.31,27.67,85,2.95,18.28
9/7/2023,26.44,28.81,27.99,82,1.13,18.91
9/8/2023,26.05,28.34,27.66,83,1.19,20.52
9/9/2023,24.21,28.34,27.65,81,0.62,20.18
9/10/2023,24.05,28.27,27.65,84,1.72,21.71
9/11/2023,24.1,28.64,27.74,83,8.27,14.2
9/12/2023,26.17,26.91,26.47,85,0,14.41
9/13/2023,26.61,27.69,27.28,79,3.95,18.76
9/14/2023,25.08,28.83,27.82,82,1.38,16.91
9/15/2023,26.79,28.46,27.68,84,2.71,20.05
9/16/2023,25.18,28.25,27.7,84,1.82,17.4
9/17/2023,26.9,27.96,27.36,87,2.94,15.27
9/18/2023,26.74,28.18,27.47,86,8888,20.36
9/19/2023,24.39,27.99,27.66,84,3.18,16.91
9/20/2023,24.47,28.73,28.02,82,0.98,20.59
9/21/2023,24.52,28.99,28.1,82,0.54,23.17
9/22/2023,24.32,28.92,27.99,79,8888,22.65
9/23/2023,24.03,28.54,27.75,81,0.04,20.54
9/24/2023,26.14,28.72,27.85,83,0.12,23.47
9/25/2023,26.97,28.61,27.75,84,0.07,24.28
9/26/2023,26.04,28.92,27.87,80,0.01,23.73
9/27/2023,26.03,28.95,27.84,80,8888,24.03
9/28/2023,26.94,28.75,27.81,82,0.6,23.43
9/29/2023,24.2,28.79,27.88,83,2.05,22.66
9/30/2023,24.37,28.75,27.97,82,0.65,18.69
10/1/2023,24.38,28.77,27.96,81,0.3,15.89
10/2/2023,24.33,28.73,27.95,82,0.22,20.95
10/3/2023,25.45,28.79,28.01,83,8888,20.05
10/4/2023,25.51,28.74,28.06,83,1.82,20.12
10/5/2023,25.38,28.76,28.11,81,2.6,22.69
10/6/2023,24.84,28.91,28.35,81,7.72,21.32
10/7/2023,24.58,29.07,28.29,83,8.13,22.66
10/8/2023,24.58,28.58,28.1,81,7.47,21.53
10/9/2023,25.74,29.43,28.6,80,8888,20.31
10/10/2023,25.06,29.2,28.53,82,3.28,22.21
10/11/2023,26.69,29.03,28.41,81,0.74,21.43
10/12/2023,25.52,28.98,28.36,81,1.73,20.29
10/13/2023,25.74,29.21,28.4,82,2.5,22.51
10/14/2023,26.71,29.05,28.46,79,2.58,16.11
10/15/2023,26.98,28.75,28.31,81,8888,19.63
10/16/2023,26.51,28.06,27.81,85,8.5,19.2
10/17/2023,24.46,28.44,28.01,83,9.85,18.86
10/18/2023,24.64,28.52,28.12,83,12.17,8.2
10/19/2023,24.68,28.84,28.28,80,5.05,17.63
10/20/2023,25.71,29.07,28.4,79,2.15,17.17
10/21/2023,25.82,28.88,28.34,79,2.18,20.81
10/22/2023,25.87,28.87,28.42,77,4.02,16.77
10/23/2023,24.17,28.73,28.38,77,2.34,17.83
10/24/2023,24.87,28.8,28.33,79,2.91,19.04
10/25/2023,,,,82,8888,24.17
10/26/2023,,,,82,8888,22.41
10/27/2023,26.83,28.65,28.2,80,0.8,22.46
10/28/2023,26.3,28.71,28.18,78,1,23.25
10/29/2023,26.88,29.57,28.88,72,0.34,23.23
10/30/2023,26.18,29.61,28.99,75,0.63,22.88
10/31/2023,24.3,29.62,28.92,77,0.57,22.38
11/1/2023,24.49,29.44,28.91,76,1.54,21.01
11/2/2023,24.37,28.84,28.63,79,7.49,17.34
11/3/2023,24.08,29.17,28.69,76,2.67,16.04
11/4/2023,24.9,28.87,28.34,75,0,5.91
11/5/2023,25.1,29.99,28.97,74,0.67,24.1
11/6/2023,25.39,29.4,28.85,78,1.9,20.23
11/7/2023,25.31,28.84,28.51,81,0,15.68
11/8/2023,24.42,29.4,28.96,78,0,19.75
11/9/2023,24.59,29.19,28.9,78,0,8.42
11/10/2023,24.73,29.65,28.71,77,0,22.68
11/11/2023,25,29.43,28.71,79,0,12.69
11/12/2023,25.58,29.05,28.42,79,4.34,21.82
11/13/2023,24.37,28.71,28.56,77,4.21,15.23
11/14/2023,24.27,29.53,28.82,78,1.23,23.21
11/15/2023,26.19,29.78,29.03,79,8888,22.06
11/16/2023,26.73,29.58,29.18,78,4.81,16.18
11/17/2023,26.42,29.52,28.92,79,0,20.89
11/18/2023,26.35,28.96,28.63,81,1.95,12.37
11/19/2023,25.22,29.35,28.74,79,3.18,17.97
11/20/2023,25.01,28.74,28.37,82,8888,16.23
11/21/2023,25.98,28.65,28.33,81,5.36,15.37
11/22/2023,24.12,29.28,28.7,79,1.98,21.37
11/23/2023,24.3,29.07,28.71,81,3.52,12.97
11/24/2023,24.8,28.66,28.03,80,8.25,14.41
11/25/2023,26.84,29.59,28.58,76,8888,18.17
11/26/2023,26.63,28.64,28.06,83,5.76,9.17
11/27/2023,24.22,28.75,27.97,79,2.28,18.92
11/28/2023,24.54,28.74,28.11,81,3.01,19.02
11/29/2023,24.62,28.5,28.12,82,2.44,18.71
11/30/2023,25.75,28.44,28.16,85,3.35,14.35
12/1/2023,25.72,28.67,28.2,83,3.79,16.93
12/2/2023,25.84,28.48,28.15,82,7.61,14.33
12/3/2023,25.66,28.77,28.2,82,6.72,19.56
12/4/2023,24.42,28.73,28.17,80,10,12.35
12/5/2023,24.54,28.98,28.35,77,4.75,18.28
12/6/2023,26.12,28.88,28.55,78,15.39,21.17
12/7/2023,26.53,28.82,28.12,84,11.56,10.14
12/8/2023,26.74,28.89,28.02,78,0,20.71
12/9/2023,25.45,29.08,28.26,80,4.83,18.66
12/10/2023,25.73,28.49,28.14,82,6.03,20.03
12/11/2023,26.65,29.05,28.42,79,5.61,17.75
12/12/2023,24.82,29.16,28.48,82,6.38,18.6
12/13/2023,25.75,29.15,28.29,83,10.24,7.14
12/14/2023,26.97,28.83,28.12,80,5.16,19.65
12/15/2023,25.9,29.34,28.7,80,3.21,11.24
12/16/2023,24.58,29.3,28.57,83,8.67,18.41
12/17/2023,25.74,28.55,28.13,85,0,15.75
12/18/2023,25.65,28.92,28.19,81,6.42,16.81
12/19/2023,25.12,28.15,27.79,84,3.31,17.06
12/20/2023,25.67,28.53,28.17,84,0,20.25
12/21/2023,24.11,28.3,27.64,83,5.93,19.73
12/22/2023,24.22,29.15,28.61,80,3.67,19.28
12/23/2023,26.08,29.4,28.84,77,0,17.65
12/24/2023,26.74,29.32,28.63,82,3.16,21.75
12/25/2023,26.81,29.08,28.49,83,5.03,19.8
12/26/2023,26.71,28.88,28.41,80,8888,10.9
12/27/2023,26.86,29.39,28.63,81,8888,21.43
12/28/2023,26.96,29.25,28.57,84,8888,14.27
12/29/2023,26.87,29.31,28.57,84,1.96,22.18
12/30/2023,25.5,33.1,29.5,76,0,9.4
12/31/2023,25.9,30.9,27.6,86,0,9
1/1/2024,25.8,32.7,27.8,83,15.4,0.3
1/2/2024,24.3,32.4,26.9,87,36.8,6.7
1/3/2024,24.6,33.4,27.9,81,16.7,2.8
1/4/2024,24.7,32.9,27.9,81,7,9.3
1/5/2024,23.9,32,28.1,76,59,7.7
1/6/2024,24.2,32,27.3,86,3.5,5.5
1/7/2024,25,32.8,28.3,79,21.5,5.1
1/8/2024,25.5,29.2,26.5,92,1,7.1
1/9/2024,25.4,32.4,28.1,78,9.1,0
1/10/2024,25.3,34,29.5,73,0,2.5
1/11/2024,26.3,31.2,26.7,88,0,8.3
1/12/2024,24.1,33.1,28.5,78,34,3.2
1/13/2024,25.4,31.3,26.8,84,3,8
1/14/2024,25,31.8,27.3,81,2.8,0
1/15/2024,24.5,31.6,27.9,76,12.4,2.9
1/16/2024,24.1,31.6,27.3,75,0.9,1.2
1/17/2024,23.3,33,28.8,70,2.5,0.6
1/18/2024,25.6,33.5,28.7,70,0,6
1/19/2024,24.3,31.1,27.6,79,35.3,7.3
1/20/2024,24.4,31.6,27.1,79,5.5,0.8
1/21/2024,23.9,31.8,27.1,78,3,1.8
1/22/2024,24,33.8,28.2,77,0,4.2
1/23/2024,23.6,31.2,26.8,80,9,7.4
1/24/2024,23.7,29.9,27,80,3.3,2.1
1/25/2024,24.7,33.5,28,77,8888,0.3
1/26/2024,25.4,33.9,29,71,0.9,5.5
1/27/2024,25.4,33,28.8,69,0,8
1/28/2024,24.7,33.4,28.6,70,0,8.7
1/29/2024,25,32.2,28.5,75,0,9.6
1/30/2024,25.4,32.5,29,74,0,6.3
1/31/2024,25,31.7,27.3,85,0,8.6
2/1/2024,24.1,32.1,27.9,79,8.7,6.8
2/2/2024,24.1,32.2,27.6,81,8888,4
2/3/2024,24.6,32.2,27.1,87,18.5,5.2
2/4/2024,25,31.5,27.2,84,10.1,3.7
2/5/2024,24,32.8,28.9,71,35.5,2.4
2/6/2024,24.7,32.7,28.2,77,0,9.7
2/7/2024,23.3,32.2,27.4,76,61.5,9.7
2/8/2024,24.5,33.1,29.3,73,8888,4.3
2/9/2024,26,31.4,26.5,89,0.5,8.9
2/10/2024,24.9,31.6,27.4,82,18.3,1.1
2/11/2024,24.9,32,27.6,79,3.2,1.6
2/12/2024,24.9,32.2,27.2,80,4.5,0.4
2/13/2024,24.7,32.8,28.4,71,4.5,0.5
2/14/2024,25.1,33,28.6,72,0,4.3
2/15/2024,25.1,32.2,28.6,71,0,4.1
2/16/2024,25.6,34.7,28.8,67,8888,4.6
2/17/2024,24.8,34.7,29.2,64,0,7.4
2/18/2024,25.4,34,29.1,67,0,9.8
2/19/2024,25.4,33.3,29.3,71,0,9
2/20/2024,25.6,33.4,29.2,71,0,9.8
2/21/2024,25.7,34.6,29.8,70,0,9.5
2/22/2024,26.3,35.4,29.7,68,0,9.7
2/23/2024,26.2,33.3,29.5,73,0,9.2
2/24/2024,26.2,34.1,29.5,76,0,6.8
2/25/2024,24.8,35.6,28.2,77,11,8.6
2/26/2024,24.4,30.3,26.6,89,15,8.5
2/27/2024,24.5,31.9,28.5,76,8.1,
2/28/2024,24.8,34,29.4,71,0,7.9
2/29/2024,25.9,34.5,29.5,67,0,9.8
3/1/2024,25.7,32.4,28.8,74,0,9.6
3/2/2024,25.8,33.2,29,76,0,4.1
3/3/2024,26,32.4,28.5,79,8888,6.8
3/4/2024,26,32.7,28,79,0.7,4.5
3/5/2024,26,32.7,27.7,85,5.7,4.9
3/6/2024,25.8,32.9,28.8,78,10.8,2
3/7/2024,24.8,32.6,28.2,79,23,8.4
3/8/2024,25.1,33.2,28.7,77,8888,3.5
3/9/2024,25.6,32.6,26.9,84,0,5.4
3/10/2024,24.9,32.6,26,87,28.4,1
3/11/2024,24.5,32.2,28.6,72,8888,0
3/12/2024,24.5,33.1,28.2,76,0,5.4
3/13/2024,23.8,32.3,28,76,10.7,6.8
3/14/2024,24.5,33.9,29.1,71,0.8,1.5
3/15/2024,25.6,33.9,28.8,71,0,8.3
3/16/2024,25,32.6,28.8,74,0,5.5
3/17/2024,25,32,28.3,74,0,7.5
3/18/2024,25,33.5,28.7,74,0,3.6
3/19/2024,23.2,31.8,28.2,75,35.1,6.6
3/20/2024,23.7,32,28.5,78,8888,2.3
3/21/2024,24.7,31.4,27.7,76,8888,4.2
3/22/2024,24.7,29.6,26.8,84,2.5,1.1
3/23/2024,24.3,31.9,28.5,78,0.3,2.6
3/24/2024,25,33.4,29.3,70,0,6.4
3/25/2024,25.2,33.9,29.4,72,0,9.5
3/26/2024,26,32.4,29.5,74,0,9.9
3/27/2024,24.9,32.4,28.2,78,11.5,9.6
3/28/2024,24.9,28,26.1,88,14,6.5
3/29/2024,24.3,29.7,26.4,91,100.5,0
3/30/2024,24.4,32.1,28.7,78,2.3,2.3
3/31/2024,24.8,31.1,27.7,83,0,10
4/1/2024,25.8,30,27.2,85,8.4,4.4
4/2/2024,25,32.4,28.8,74,8888,1.4
4/3/2024,25.1,34,29.4,68,0,7.2
4/4/2024,25.5,34.8,29.6,65,0,9.1
4/5/2024,25.5,34.4,31.5,59,0,10.2
4/6/2024,25.6,35.2,29.9,68,,10.3
4/7/2024,26.6,34.8,29.7,70,0,9.4
4/8/2024,,34.5,28.4,77,0,8.1
4/9/2024,24.9,34.5,28.6,80,10.2,6.7
4/10/2024,25.1,33,29.3,67,2.1,3.5
4/11/2024,26.3,33.2,29.3,72,0,7.8
4/12/2024,25,32.6,29.1,74,0,6.1
4/13/2024,26.1,32.8,29.4,72,8888,7
4/14/2024,26.3,32.6,29.3,74,0,10.2
4/15/2024,26.4,32.1,29.3,74,0,10.3
4/16/2024,26.5,32.8,29.3,73,0,0
4/17/2024,25.1,33,29.8,72,0,6.2
4/18/2024,26.2,32.8,28.8,77,0,10.1
4/19/2024,26.5,33.6,29.9,69,8888,7.5
4/20/2024,26.3,32,29.1,77,8888,8
4/21/2024,26.4,33.8,29.3,76,0.8,5.9
4/22/2024,26.3,33.4,29.1,76,8888,7.8
4/23/2024,26.3,33.2,28.8,79,0,4.8
4/24/2024,25.5,29.4,26.7,91,7,8.1
4/25/2024,25.3,31.8,28.8,79,13.5,1
4/26/2024,25.8,33.6,29.1,80,0,7.9
4/27/2024,26.2,32.3,28.9,80,0.6,6
4/28/2024,25.7,32.7,28.9,79,19,6.9
4/29/2024,25.7,30.4,27.4,87,21.3,5.3
4/30/2024,25,31.9,29.1,78,,0.5
5/1/2024,26.7,33.3,29.9,74,0,9.6
5/2/2024,26,31.9,28.7,80,10,0
5/3/2024,25,29.2,26,94,7.9,5.3
5/4/2024,24.8,32.3,29,76,11.9,0
5/5/2024,24.9,30.6,27.5,84,21.3,4.8
5/6/2024,24.9,31.9,28.7,77,6,1.8
5/7/2024,24.8,33,29.8,74,8888,4.9
5/8/2024,26.7,32.1,28.6,78,0,6.6
5/9/2024,26.3,32,27.6,81,8888,3.1
5/10/2024,25.8,32.1,29.3,77,8888,1
5/11/2024,25.8,32.3,28.7,82,8.1,10.5
5/12/2024,25.9,30.1,26.9,89,4.4,4.2
5/13/2024,24.7,32.3,29.5,76,18,0.3
5/14/2024,26.3,32.3,29.5,77,9,10.1
5/15/2024,26.3,32.1,29.7,76,3.7,8
5/16/2024,27.2,32.6,29.4,76,0,4.1
5/17/2024,25.2,31.3,27.9,80,1.6,8.1
5/18/2024,25.2,32.8,29.2,78,0.8,3.2
5/19/2024,24.8,32.8,29.1,80,68.5,6.5
5/20/2024,25.1,29.8,27.6,87,11,3.2
5/21/2024,24.1,32.3,28.9,80,50.3,2.2
5/22/2024,25.4,31.5,28.7,81,26.1,
5/23/2024,25.8,31.1,28.1,81,10.6,5.6
5/24/2024,26.2,32.1,29.4,77,0,0.8
5/25/2024,25,31.9,29.6,77,8888,6.7
5/26/2024,,,,96,7,7.9
5/27/2024,25.7,30.4,26.6,91,43.2,0
5/28/2024,24.2,31.6,28.4,84,47.5,1
5/29/2024,26.7,33,28.5,83,4,4.1
5/30/2024,25.3,31.6,29,81,8,6
5/31/2024,26.4,32.9,29.1,79,0,6.5
6/1/2024,25.6,32.9,28.3,84,3,6.4
6/2/2024,25.2,29.9,26.6,91,38.8,1.3
6/3/2024,24.9,31.4,28.5,78,20.3,1.8
6/4/2024,24.2,29.3,27,84,68,7.6
6/5/2024,24.1,31.7,28,82,0.8,0.3
6/6/2024,,29.8,27.2,84,11,2.8
6/7/2024,24.8,31.3,27.2,86,8888,0
6/8/2024,24.7,31.6,28.2,79,17,0
6/9/2024,26.1,30.2,27.8,84,0,7.3
6/10/2024,24.5,32.2,27.9,78,9.7,1.5
6/11/2024,25.4,32.2,26.8,86,0,7.1
6/12/2024,25.2,31.7,28.5,78,3.6,0
6/13/2024,24.7,28.9,26.3,85,27.5,4.7
6/14/2024,25,29.6,27.1,84,2.7,0
6/15/2024,25,30.7,27.6,81,1.1,1.3
6/16/2024,24.5,31.1,28.1,81,12.8,2.5
6/17/2024,24.5,31.8,27.9,82,,5.7
6/18/2024,24.7,31.3,27.6,82,35.5,3.2
6/19/2024,24.6,28.7,26,88,5,5.5
6/20/2024,24.9,31.2,28.8,73,7.2,0
6/21/2024,25.4,31.2,28.2,75,0,7.1
6/22/2024,25.7,30.6,27.6,80,0.3,2.7
6/23/2024,23.8,30.1,26.6,86,35,2.5
6/24/2024,24.4,28.5,25.8,88,11.4,3
6/25/2024,24.7,30.8,27.8,77,0.2,0
6/26/2024,25,31.6,28.8,76,0,2.8
6/27/2024,25.5,31.8,29.2,77,0,7.5
6/28/2024,26.3,31.1,27.4,82,0,9.8
6/29/2024,24.1,30,27.5,82,33.9,2
6/30/2024,24.1,30.1,27.3,84,22.1,1
7/1/2024,25.6,30.1,27.2,84,1.7,2.7
7/2/2024,,,,94,1,0
7/3/2024,24.3,28.7,25.9,86,28.8,0
7/4/2024,24.3,31.7,28.1,78,3.3,0
7/5/2024,25.4,31.7,28.1,78,0,4.2
7/6/2024,23.9,30.9,28.2,78,34.8,6.9
7/7/2024,23.9,28.9,24.9,94,2.8,8.3
7/8/2024,,29.2,,,,
7/9/2024,23.2,28.6,25.3,95,29.2,0
7/10/2024,22.9,30.7,27.1,86,17.8,0
7/11/2024,24.7,30.8,27.6,79,0,5.2
7/12/2024,25.9,29.8,27,79,8888,3.6
7/13/2024,25.8,28,26.7,77,8888,5
7/14/2024,25.2,30.9,27.2,82,8888,0
7/15/2024,24.8,31,27.8,78,0,8
7/16/2024,24.7,30.4,28.1,83,26.8,8
7/17/2024,24.7,30.3,27.8,80,8888,5.4
7/18/2024,25.8,30.6,28.3,73,0,5.1
7/19/2024,24.3,30.5,27.3,79,8888,2.5
7/20/2024,26.4,31.2,27.8,79,0,8
7/21/2024,26.3,30.6,28.3,80,8888,7.5
7/22/2024,25.6,29.5,27.3,90,13.1,4.7
7/23/2024,25,31.3,27.8,83,1.6,0.5
7/24/2024,26.7,31.1,28.3,81,0,3.6
7/25/2024,25.2,30.3,26.6,89,32,7.7
7/26/2024,24.7,31.8,28.1,81,8888,5.1
7/27/2024,26.1,31,28.1,80,0,8
7/28/2024,25.6,31.7,28,80,8888,8
7/29/2024,26.7,31.5,28.6,79,0,8
7/30/2024,27.1,31.5,28.5,79,0,8
7/31/2024,25.4,31.4,28,81,3.6,7.8
8/1/2024,25.7,30.8,28.6,79,0,5.7
8/2/2024,26.5,29.3,27.1,89,8888,8
8/3/2024,25.1,29.5,27.1,86,21.8,0.3
8/4/2024,25,30.4,27.7,83,4,0
8/5/2024,23.7,30.6,27,82,144.2,5.2
8/6/2024,24.4,28.5,25.7,90,1.4,1.7
8/7/2024,24.4,28.9,24.5,98,10.7,0.2
8/8/2024,23.4,30.4,26.2,82,59.9,0.5
8/9/2024,23.5,30.1,26.5,86,86.7,4.3
8/10/2024,23.3,31.3,27.4,79,19,3.8
8/11/2024,25.6,30.3,27.6,76,0,8
8/12/2024,24.9,29.7,26.3,84,0.2,6.5
8/13/2024,25,30,27.4,82,8888,1.3
8/14/2024,25.4,29.2,26.3,92,11.1,1
8/15/2024,24.4,28.1,26.1,96,0.7,1.1
8/16/2024,24,30,27.3,82,105,0
8/17/2024,25,30.2,26.6,85,8888,5.4
8/18/2024,24.7,29.2,26.8,87,5.4,8
8/19/2024,24.7,29.4,27,87,29.5,4.4
8/20/2024,24.1,29.7,27.2,82,58.5,0
8/21/2024,25.6,28.4,26.6,90,13.1,0
8/22/2024,24.9,26.9,25.7,94,2.5,2.1
8/23/2024,24,30.8,27,84,7,0
8/24/2024,24.7,28,26.2,84,1.1,7.3
8/25/2024,24.6,28,25.6,91,12.6,0.1
8/26/2024,24.2,30,27.3,82,25.2,0
8/27/2024,24.7,28.3,25.4,97,52,4.7
8/28/2024,24.1,29.6,26.4,91,59.1,0
8/29/2024,24.8,31.2,27.5,82,0.3,5.4
8/30/2024,24.7,29.8,26.9,82,0.6,7.1
8/31/2024,25.1,31.4,28,82,8888,0
9/1/2024,24.1,31.5,27.6,80,15,8
9/2/2024,25.1,31.2,27.7,83,9.5,4.2
9/3/2024,25.6,31.3,28.3,75,0.8,8
9/4/2024,25.8,31.9,28.5,82,0,8
9/5/2024,24.7,31.8,27.3,78,0.7,0.5
9/6/2024,25.1,31.4,27.3,84,6.6,8
9/7/2024,24.9,31.3,28.2,82,0.1,5
9/8/2024,25,30.3,27.5,87,2.9,6.3
9/9/2024,25.8,31.9,27.9,82,0.9,2.4
9/10/2024,26,31.3,28.4,73,0,8
9/11/2024,26,31.9,28.1,75,0,7.7
9/12/2024,24.8,31.9,27.9,70,0,8
9/13/2024,25.6,31.7,28.3,73,0,8
9/14/2024,25.3,32.1,27.8,68,0,8
9/15/2024,25.6,31,28.7,68,0,8
9/16/2024,25.4,31.3,28.7,71,0,8
9/17/2024,25.6,31.5,28.1,76,0,8
9/18/2024,25.9,31.4,28.4,78,0,8
9/19/2024,26.4,32.3,28.4,77,0,6.6
9/20/2024,26.1,32.4,28.6,75,0,6.3
9/21/2024,26.2,31.3,28.6,80,0,6.4
9/22/2024,26.1,32.7,28.9,79,0,0.3
9/23/2024,26.4,33.2,28.4,78,0,7.2
9/24/2024,25.7,33.8,29.3,74,0,8
9/25/2024,26.6,30.4,28.4,79,0.1,8
9/26/2024,24.3,32.4,27.8,84,6.5,0
9/27/2024,23.8,31.1,26.7,84,45.4,6.8
9/28/2024,24.8,32.2,28.6,77,1.9,3
9/29/2024,25.9,32.2,28.5,81,0,8
9/30/2024,24.3,28.6,26.4,93,63.5,8
10/1/2024,24,31.9,28.2,79,28,0
10/2/2024,25.9,30.9,28,81,8888,1.8
10/3/2024,25.4,30.2,26.8,85,8888,4.2
10/4/2024,24.9,32.8,28,81,0.8,0.8
10/5/2024,25.4,31.3,27.8,79,0.6,5.5
10/6/2024,25.7,31.5,27.9,81,2.1,2.1
10/7/2024,25.8,31.4,27.8,82,5.7,5.3
10/8/2024,26.6,31.3,28.4,75,8888,3.7
10/9/2024,24.7,32.1,27.8,81,26.1,1.1
10/10/2024,24.6,31.4,26.8,86,20,8
10/11/2024,24.8,31.9,28,80,4.8,2.3
10/12/2024,25,32.9,28.8,80,0,8
10/13/2024,26.6,31.5,27.6,80,8888,8
10/14/2024,25,30.6,27.3,85,10,0.8
10/15/2024,25.1,32.4,28,83,8888,2.7
10/16/2024,24.9,32.6,28.8,71,8888,6.7
10/17/2024,25.2,30,26.9,87,14.9,8
10/18/2024,25.4,29.2,26.8,80,0,4.3
10/19/2024,26,31.4,27.8,77,8888,0
10/20/2024,25.6,32.1,28.4,78,8888,4.5
10/21/2024,25.2,29.3,27.3,74,0,5.8
10/22/2024,25.1,31.8,28.7,75,1.4,0.4
10/23/2024,23.9,31.4,29.1,79,23.1,7
10/24/2024,26.3,32.4,29.1,78,0,4.2
10/25/2024,27.2,31.8,29.2,76,0,8
10/26/2024,26.6,32.9,29.7,74,0,7.9
10/27/2024,24.8,32.4,29.5,75,0,7.6
10/28/2024,25.8,32.5,29.1,78,0,4.7
10/29/2024,23.9,32.3,28.2,81,59.9,8
10/30/2024,26.3,32.3,29.1,75,2.4,8
10/31/2024,24,31.6,28.3,83,0,8
11/1/2024,25.1,31.5,27.9,78,9.5,4.6
11/2/2024,25.4,33,28.5,77,8888,4.9
11/3/2024,24.1,31.5,26.4,86,13.9,6.5
11/4/2024,24.8,32.5,28.2,74,0,5
11/5/2024,24.7,32.5,28.5,76,11.3,8
11/6/2024,24.9,31.8,27.9,81,0,7.5
11/7/2024,25.3,31.9,27.8,81,3.1,4.5
11/8/2024,24.8,33.1,29,80,12.7,5.3
11/9/2024,25.4,32.7,28.6,82,2.5,8
11/10/2024,26.2,32.2,28.8,76,8888,5.8
11/11/2024,26,29.9,27.3,84,8888,6.3
11/12/2024,24.7,32.2,28.2,83,45.9,0
11/13/2024,25.5,33.1,29,76,0,8
11/14/2024,25.8,32.4,28.6,77,1.1,8
11/15/2024,25.2,32.8,28.8,76,1.4,4.6
11/16/2024,25.5,32.7,28.8,78,8888,7.5
11/17/2024,25.4,32.6,28.2,82,0,4.4
11/18/2024,25.4,32,26.9,85,0.6,2.8
11/19/2024,24.4,30.4,27.3,86,55.9,0.5
11/20/2024,25,29.6,27.2,80,8888,2.5
11/21/2024,25.5,31.9,27.8,88,8888,0
11/22/2024,25.4,31.4,27.6,87,3.8,3.6
11/23/2024,25,29.6,27.6,83,14,5.1
11/24/2024,25.1,31.7,28,81,1.5,0.8
11/25/2024,25.4,31.1,27.8,85,8.8,3.8
11/26/2024,24.2,32.9,27.8,80,0.3,1.8
11/27/2024,25,32.3,28.5,78,8888,5.1
11/28/2024,24.2,32.2,27.1,86,50.8,4.8
11/29/2024,24.8,32.7,28.5,77,5,1.9
11/30/2024,25,30.7,26.7,88,2.4,6
12/1/2024,24.2,28.7,26,92,37.2,2.3
12/2/2024,24.9,32.2,28.1,85,4.1,0
12/3/2024,25.7,30.9,26.1,96,1.2,5.9
12/4/2024,24.8,32.4,28.4,75,38.1,0.3
12/5/2024,25.7,30.4,27.4,74,0.7,6.2
12/6/2024,24,32.1,27.8,71,0.8,0.4
12/7/2024,23.8,31.9,27.3,82,5,3.4
12/8/2024,24.2,33.6,28.3,74,0.2,6.3
12/9/2024,25.4,30.5,27.9,78,0,8
12/10/2024,25.8,32.2,28.6,78,0,0.9
12/11/2024,24.5,31.1,27.3,83,2,1.5
12/12/2024,25,31.9,27.7,82,10.9,0.4
12/13/2024,24.8,29.4,26.5,90,49.2,2.7
12/14/2024,25,31.4,28.4,81,4.1,0
12/15/2024,23.6,30.3,26.4,85,14,4
12/16/2024,24,27.8,26.2,89,4.5,0.8
12/17/2024,23.8,29.8,26.8,88,2.7,0
12/18/2024,24.2,32.5,28.5,76,2.4,0.2
12/19/2024,25.5,32,27.5,79,1.2,8
12/20/2024,25.4,32.8,28.3,79,8888,1.1
12/21/2024,24.7,32.7,28,83,16,6.7
12/22/2024,23.4,31.8,26.3,90,73.3,7.5
12/23/2024,24.1,31.5,28,80,4.8,3.6
12/24/2024,24.8,32.7,28.1,80,18.6,2.7
12/25/2024,25.2,30.3,27.1,78,0.2,5.3
12/26/2024,25.6,31.1,27.7,81,0.8,0.2
12/27/2024,24.6,31.9,27.8,80,4.9,2.3
12/28/2024,24.8,33.1,27.9,83,0,1.8
12/29/2024,24.4,32.4,27.6,80,15.2,5.6
12/30/2024,23.9,31.5,27.3,75,8.1,3.9
12/31/2024,24.1,31.2,27.4,83,8.2,3
1/1/2025,24.4,28.9,26.2,91,42,1.8
1/2/2025,23.9,28.5,25.8,91,3.2,0
1/3/2025,24.4,32.5,26.6,88,35.4,0
1/4/2025,24.4,30.7,27.1,82,10.9,8
1/5/2025,24.2,31.9,27.2,84,0,1
1/6/2025,25.2,31.7,27.9,77,5.3,6.5
1/7/2025,25.8,30.5,27.5,86,0,3.6
1/8/2025,24.4,29.2,26.3,86,8.7,1.5
1/9/2025,23.1,29.2,25.6,91,56.2,0
1/10/2025,24.4,32.1,27.9,80,3.3,1.1
1/11/2025,24.4,33,27.2,84,1.5,8
1/12/2025,25,33.3,28.5,75,0,8
1/13/2025,24.5,30.8,26.7,89,21.9,7.8
1/14/2025,24,32.3,26.6,90,9.5,0.4
1/15/2025,24.1,31.1,26.4,88,111.3,4.8
1/16/2025,24.4,33.6,27.8,80,18.3,1.2
1/17/2025,24.4,32.3,27.8,79,0.3,8
1/18/2025,25.4,33.4,28.4,74,0,6.2
1/19/2025,25.7,31.9,27.3,83,8888,7.6
1/20/2025,23.4,32.1,26.9,80,20.6,2.4
1/21/2025,23.9,30.9,26.6,87,13.9,7.2
1/22/2025,23.9,31,27.1,84,43,6.7
1/23/2025,23.7,32.1,27.6,80,13.5,3.9
1/24/2025,23.8,31,26.1,89,58.5,2.7
1/25/2025,24.4,32.3,27.6,81,0.4,1.5
1/26/2025,25.4,28.8,25.9,88,0,6.1
1/27/2025,23.2,32,27.1,80,24.3,7
1/28/2025,24.6,32.1,27.1,83,1.5,5.2
1/29/2025,24.5,28.9,26,92,11.2,0.9
1/30/2025,24.3,29.6,26.2,87,28.5,0.5
1/31/2025,24.3,30.4,26.8,85,2.5,0.3
2/1/2025,25,30.3,26.9,81,0,0.5
2/2/2025,25.2,32.4,28.2,76,8888,0.4
2/3/2025,26.4,33.7,28.3,78,0,6.5
2/4/2025,24.7,33.3,28.6,73,8888,3.1
2/5/2025,25.4,33.5,28.7,75,0,7
2/6/2025,25.1,30.3,28,78,8888,8
2/7/2025,25.8,30.7,27.5,82,0.4,0
2/8/2025,23.8,33,27.2,85,12,0.6
2/9/2025,25.4,32.2,28.6,79,10.2,6.6
2/10/2025,24.6,32.6,27.6,81,1.7,4.3
2/11/2025,25.7,32.8,28.3,79,8888,5.7
2/12/2025,24.1,31.4,27.5,77,1.5,7.8
2/13/2025,24.8,32.4,27.2,81,0.1,1.8
2/14/2025,24.8,33.1,27.7,79,1.7,3
2/15/2025,25.5,32.9,28.2,80,0,2.7
2/16/2025,25.1,31.7,27.2,88,16,8
2/17/2025,24.1,29.5,26.3,85,32.1,3.8
2/18/2025,24.1,31.1,26.1,90,8888,1.7
2/19/2025,22.8,32,26.9,83,63.8,2.3
2/20/2025,23.2,28.6,26.3,81,8888,8
2/21/2025,23.7,31.8,28,79,1.2,1.3
2/22/2025,24.8,31,27.5,83,10,6.5
2/23/2025,25,29.4,25.7,88,2.9,2.8
2/24/2025,24.4,31.3,26.7,83,0.9,0
2/25/2025,24.4,32.4,27.3,83,0.4,1.4
2/26/2025,24.4,32.1,27.3,81,2.6,6.3
2/27/2025,24.6,31.1,27.2,84,8888,4.2
2/28/2025,24.6,32.2,27.7,82,8888,1.4
3/1/2025,24.5,32.5,28.2,81,10.5,5.3
3/2/2025,25.2,31.6,27.7,80,0,5
3/3/2025,24.9,32.7,28.4,82,8888,0.6
3/4/2025,25.2,32.2,28.2,83,7.5,4.2
3/5/2025,25.6,29.8,27.3,89,9.8,2
3/6/2025,25.2,32.3,27.2,85,0.2,0.2
3/7/2025,23.6,31.6,26.3,86,122.3,7.3
3/8/2025,24.1,31.8,26.2,86,16.8,3.1
3/9/2025,24.8,33.1,28.2,79,8888,0.2
3/10/2025,25.2,33.7,28.7,71,8888,8
3/11/2025,23.4,32.8,26.6,84,59.1,6.2
3/12/2025,23.6,31.5,26.9,83,5.4,4
3/13/2025,24.8,31,27.2,85,8888,2.3
3/14/2025,25.1,32.5,27.6,82,1.1,3.3
3/15/2025,25.2,31.9,27,89,0,6.1
3/16/2025,24,30.9,26.9,81,27.8,3.6
3/17/2025,23.9,28.3,25.5,90,28.1,2.4
3/18/2025,23.6,32.8,27.6,79,6.4,0
3/19/2025,24,31.8,26.5,89,55.7,8
3/20/2025,24,27.4,25.7,91,4.1,6.6
3/21/2025,24.4,31.9,27,81,9.8,0
3/22/2025,24.8,30.4,26.6,90,2.5,0.1
3/23/2025,24,32,27.2,82,15,2.1
3/24/2025,23.2,32.2,27.6,79,3.9,6
3/25/2025,24,31.5,27.2,81,3.2,4.8
3/26/2025,26,32.9,28.5,82,0.1,4.6
3/27/2025,26.2,32.8,28.9,83,0,6.9
3/28/2025,26.3,33.3,28.1,85,8888,8
3/29/2025,23,32.6,28.4,80,10.5,7.8
3/30/2025,24.8,28.2,26,88,2.7,6.2
3/31/2025,24.7,32.4,27.9,78,0.1,0
4/1/2025,24.3,29.3,26.2,87,19.4,7.3
4/2/2025,24.1,31.3,27.6,82,2.5,0
4/3/2025,24.2,32.1,26.9,84,8888,7
4/4/2025,24.3,31.9,27.1,79,3.8,6.2
4/5/2025,23.4,30,26.3,84,24,2.3
4/6/2025,23.8,28.4,26.6,81,8888,0
4/7/2025,25,32.4,28.2,80,8888,0.1
4/8/2025,25.1,33,28.6,78,0,8
4/9/2025,24.8,31.7,27.3,83,14,6.9
4/10/2025,25.2,32.3,28.1,80,0.4,2.5
4/11/2025,24.6,29.4,24.9,97,4.1,5.8
4/12/2025,23.7,32.5,27.7,83,17.4,0
4/13/2025,24.2,32.3,27.8,82,0.8,8
4/14/2025,25.7,32.4,28.2,85,7.4,4.2
4/15/2025,24.8,28.5,26,89,3.5,7.8
4/16/2025,24.9,32.7,28.4,82,4.5,0
4/17/2025,25.1,32.3,27.4,84,2,8
4/18/2025,22.6,31,26.5,89,18.2,3.2
4/19/2025,24.1,30.3,28.1,84,1.3,0.3
4/20/2025,25.4,33.1,29,77,0,8
4/21/2025,23.3,31.8,26.9,82,56.5,8
4/22/2025,23.9,30.9,27.6,82,0,5.1
4/23/2025,24.7,32.8,28.2,78,0,0.7
4/24/2025,25.8,32,27.6,83,0,3.6
4/25/2025,23.6,31.8,27.3,86,13,0.5
4/26/2025,24.6,32.4,28,79,22.1,1.7
4/27/2025,24.6,30.8,27.1,86,51.5,2.6
4/28/2025,24.4,31.9,27.3,84,4,0.3
4/29/2025,24.9,30.7,26.2,95,2,3.4
4/30/2025,24.4,31.8,27.3,84,4.7,1.1
5/1/2025,25.8,32.3,28.2,82,0,6.7
5/2/2025,25.7,31.7,27.6,83,5.3,5.4
5/3/2025,24.8,32.4,28.5,82,0,0.8
5/4/2025,24.6,32.8,28.9,77,0,8
5/5/2025,25.4,31.7,28.4,78,1,8
5/6/2025,24.1,32.6,28.5,80,42,5.8
5/7/2025,24.7,32,28,75,8888,7.5
5/8/2025,24.4,33.1,29.3,73,0,6
5/9/2025,26.9,30.2,28.2,80,0,8
5/10/2025,24.2,32.1,28.5,79,2.3,0.9
5/11/2025,25.8,33,28.9,81,0.3,3.2
5/12/2025,24.3,29.7,25.6,95,25,7.5
5/13/2025,24.7,32.4,28.5,82,7.4,0
5/14/2025,24.2,31.7,27.1,86,20.5,7.6
5/15/2025,24.4,32.9,28.7,84,8888,5
5/16/2025,25.9,33.1,29.1,74,0,8
5/17/2025,24.5,32.4,27.2,86,19.5,8
5/18/2025,24.3,32.6,27.5,86,5.7,1.9
5/19/2025,24.8,32.2,28.2,81,0,8
5/20/2025,25.1,29.7,26.9,88,0.8,7.5
5/21/2025,25.5,28.9,27,92,11,0
5/22/2025,23.8,32.9,28.1,85,1,0
5/23/2025,22.8,32.8,27.2,83,10,4.5
5/24/2025,23.5,32.8,28.7,85,0.6,4.1
5/25/2025,25.6,32.8,28.8,79,8888,7.8
5/26/2025,26.2,32.8,29,79,0,8
5/27/2025,25.3,30.3,25.8,94,6,6.1
5/28/2025,23.5,31.9,27.6,87,53.2,0
5/29/2025,26,33,29.1,80,0,8
5/30/2025,23.9,32.4,27.9,81,23,8
5/31/2025,24.4,31.6,26.9,91,12.5,6.8
6/1/2025,24.2,27.9,25.6,95,50.7,2.2
6/2/2025,24.7,29.1,25.4,90,3.3,0
6/3/2025,22.9,30.7,27.3,85,31.4,0
6/4/2025,25.6,33.1,27.8,86,0,0
6/5/2025,24.4,32.3,28.3,82,0.5,6.2
6/6/2025,25.9,32.4,28.5,79,0,8
6/7/2025,25.4,31.7,28.3,76,8888,7.5
6/8/2025,26,31.9,28.4,78,8888,1.5
6/9/2025,24.3,32.3,28.3,79,0,4
6/10/2025,25.6,31.5,28.4,80,1,8
6/11/2025,24.2,32.4,27.1,89,59.5,5.4
6/12/2025,25.3,30.4,28.2,83,1.6,2
6/13/2025,25.2,33,28.6,80,2.2,0
6/14/2025,26.2,29.7,26.5,90,0,8
6/15/2025,25.3,31.1,28,84,4.5,0.2
6/16/2025,25.4,31.6,28.1,84,8888,5.1
6/17/2025,25.2,31,27.8,85,9.5,7.6
6/18/2025,24.7,31.4,27.7,85,6,7.1
6/19/2025,24.1,28.2,25.6,90,13.9,3.5
6/20/2025,23.1,27.3,25.1,84,95.1,0.2
6/21/2025,23.4,31.2,27.1,81,0.4,0
6/22/2025,23.7,30.7,26.9,80,9.7,3.3
6/23/2025,24.3,31,27.2,84,8888,1.9
6/24/2025,24.8,29.3,26.4,83,0,8
6/25/2025,24.8,30.7,27.4,83,8888,0.8
6/26/2025,24.5,30.7,27.1,86,1,4.6
6/27/2025,25.4,31.3,27.7,86,8888,3
6/28/2025,25.8,31,27.2,84,8888,2.7
6/29/2025,24.8,30.4,27.1,83,0.1,3.6
6/30/2025,25.2,30,25.6,86,8888,4.8
7/1/2025,23.5,31.3,27.2,85,1.5,0
7/2/2025,22.8,30.6,26.7,82,17.5,8
7/3/2025,24.5,31.4,27.5,81,8888,7.6
7/4/2025,24.8,31,26.8,83,0,8
7/5/2025,24,29.4,26.7,85,0,5.5
7/6/2025,25,30.7,27.8,83,1,0.5
7/7/2025,24.1,28.9,25.9,88,3.8,8
7/8/2025,23.9,30.9,26.7,82,5.3,0
7/9/2025,24.3,30.8,27.8,82,0,6.4
7/10/2025,25.3,30,27.1,84,8888,8
7/11/2025,24.2,30.2,26.7,88,10,2.2
7/12/2025,24.7,31.3,26.7,88,8888,2.1
7/13/2025,23.7,31.3,27.4,85,3,1.5
7/14/2025,25.1,31.7,28.3,86,0,7.1
7/15/2025,24.5,28.8,25.5,94,7,6.4
7/16/2025,24,30.4,27.1,86,57.3,0
7/17/2025,23.5,28.1,24.5,96,16.7,2.3
7/18/2025,24,29.4,26.8,83,20.4,0
7/19/2025,25.1,30.1,26.9,77,8888,5.5
7/20/2025,25,30.1,26.9,79,0,5
7/21/2025,24.2,30.3,26.6,81,0,8
7/22/2025,24.1,30.7,27.4,83,0,8
7/23/2025,25.1,31.3,27.9,86,0,8
7/24/2025,26.2,31.4,28.3,86,0,8
7/25/2025,26.4,31.8,28.6,84,0,8
7/26/2025,26,31.6,28.7,82,0,8
7/27/2025,24.6,32.6,28.2,76,0,8
7/28/2025,25.8,31.6,28.1,83,0,0
7/29/2025,26.4,31.4,27.8,84,0,8
7/30/2025,25.7,31.7,28,83,0,7.3
7/31/2025,25.7,30.8,27.9,86,8888,8
8/1/2025,25.9,32.2,29.2,78,8888,4.3
8/2/2025,26.8,31.1,28.1,83,0,8
8/3/2025,26.2,30.8,27.1,87,1.2,6.2
8/4/2025,24.4,29.5,26.5,88,28,2.3
8/5/2025,25.1,30.6,27.4,83,5,1.8
8/6/2025,25,30.4,27.4,83,2.8,5.3
8/7/2025,24.9,31.3,27.4,84,0.7,0.8
8/8/2025,24.7,31.1,27.6,85,8888,4.3
8/9/2025,25.3,29.4,26.3,89,8888,5.7
8/10/2025,24.4,26.9,25.9,89,6.5,1.4
8/11/2025,23.7,30.9,26.8,85,4,0
8/12/2025,24.7,29.7,26.5,86,8888,8
8/13/2025,23,29.9,26,83,68,0
8/14/2025,23.7,30,25.6,87,2.2,0.5
8/15/2025,23.4,30.7,26,86,8888,2.5
8/16/2025,24.4,30.4,27.1,84,5.7,5.3
8/17/2025,25.3,28.5,25.9,89,0,4.7
8/18/2025,24.6,31,27.1,85,7.1,0
8/19/2025,24.7,31.2,27,86,1,5
8/20/2025,23.3,29.9,26.5,87,40.3,4.7
8/21/2025,24,29.5,26.3,80,1,6.3
8/22/2025,24.6,30.7,27.1,83,8888,0.9
8/23/2025,25,30.4,27.3,84,0,3.3
8/24/2025,25.7,30,26.6,85,8888,3.1
8/25/2025,23.8,30.1,27,80,3.2,0.1
8/26/2025,23.1,29.8,26.1,86,4,1.5
8/27/2025,24,29.8,26.7,84,8888,3
8/28/2025,24.5,29.1,27,84,0,2.1
8/29/2025,23.5,31,27.4,82,8888,0.2
8/30/2025,24.3,29.4,27.1,84,8888,8
8/31/2025,23.2,28.2,25.6,92,17.3,1.3
9/1/2025,23.4,30.5,27,83,48,0
9/2/2025,25.3,31.6,28,82,0,8
9/3/2025,24.1,31.1,26.9,86,13,6.6
9/4/2025,24.5,31.6,27.9,75,0,5.5
9/5/2025,24.2,29.4,26,89,5,5.5
9/6/2025,22.8,29.2,25.8,89,83.7,0
9/7/2025,24.2,28.9,26.8,87,0.2,0
9/8/2025,24.3,29.9,27,87,5.2,0
9/9/2025,24.9,27.7,26.3,90,8888,0
9/10/2025,24.1,31.4,27.3,87,10.8,0.1
9/11/2025,24.4,30.9,26.7,86,8888,3.9
9/12/2025,24.8,30.7,27.1,86,2.9,2.7
9/13/2025,23.2,30.8,27.3,87,91,6.1
9/14/2025,23.3,28.6,26.5,86,27.2,0
9/15/2025,24.8,30.4,26.7,86,1.5,2
9/16/2025,24.6,28.6,26.7,88,2,2.1
9/17/2025,25.1,30.6,26.9,86,0.8,0.2
9/18/2025,24.5,30.9,27.1,78,0.5,3.4
9/19/2025,24.4,31.6,27.8,85,1.3,4.4
9/20/2025,25.2,31.1,27.7,86,0,8
9/21/2025,24.4,31.6,27.4,84,1.5,4
9/22/2025,24.4,31.6,28.7,80,1,4.4
9/23/2025,24.5,30.4,27.6,82,0,8
9/24/2025,25.4,31.7,28.2,83,0,2.1
9/25/2025,25.4,30.8,27.8,78,0,8
9/26/2025,23.5,32.4,28.4,83,37.5,1.3
9/27/2025,25.3,31.2,28.2,80,0,7
9/28/2025,25.7,31.6,27.8,85,0.2,2.8
9/29/2025,24.8,31.9,27.6,87,0,4.1
9/30/2025,23.5,29.3,26.3,91,11.8,4.5
10/1/2025,24.6,32,28.3,82,1,0
10/2/2025,25,32,28.6,81,0,8
10/3/2025,27,31.9,28.8,82,0,8
10/4/2025,22.2,27.3,25,93,78.5,6.4
10/5/2025,23.6,30.4,26.5,86,3,0
10/6/2025,24.3,27.9,25.8,86,8888,1.2
10/7/2025,24,31.3,27.3,84,3.2,3.2
10/8/2025,24.4,31.5,28.4,78,0,6
10/9/2025,24,31.1,27.9,82,0,8
10/10/2025,23.7,31.5,27,85,8888,5.6
10/11/2025,24,32.1,28.6,83,0,2.3
10/12/2025,25.7,29.4,27.4,88,4.5,2.6
10/13/2025,24.9,34.2,28.1,85,2,0.5
10/14/2025,24.7,31.3,27.3,83,0.4,5.8
10/15/2025,24.7,32.6,28.2,82,8888,5.8
10/16/2025,25.8,33.4,29,82,0,8
10/17/2025,25.6,32.7,29,81,8888,8
10/18/2025,26.2,32.4,29,82,0,6.1
10/19/2025,24.4,31.7,28.7,86,79.5,8
10/20/2025,24.8,30.4,27.7,89,0,5.6
10/21/2025,24.5,29.5,27.1,89,1.4,1.6
10/22/2025,24.5,29.2,26.4,94,19,0.8
10/23/2025,25.2,29.9,28,85,0.1,0
10/24/2025,24.2,29.5,26.3,94,73.5,0
10/25/2025,25.1,29.8,26.6,95,1,0
10/26/2025,23.4,28.2,24.2,98,54.3,3.5
10/27/2025,23.7,30.3,27.1,89,5.8,0
10/28/2025,23.8,30.6,26,93,0.4,3.1
10/29/2025,24.4,29.6,27.4,87,3.5,4.9
10/30/2025,25.5,31,27.9,88,8888,1
10/31/2025,23.4,28.8,25,95,49,2.6
,,,,,,
,,,,,,
